,ID,타입,로스팅 포인트,지속가능성,컵 노트,바디감,신맛,단맛,쓴맛
과테말라 디카페인,3394,디카페인,미디엄다크,,-,4,1,3,2
브라질 디카페인,4824,디카페인,미디엄다크,,-,3,1,4,3
77도 블렌드,217,블렌드,미디엄다크,,"견과류, 초콜릿, 브라운슈가",4,1,4,3
밤의 유영,4328,디카페인,미디엄다크,,-,3,2,3,3
올굳 블렌드,4676,블렌드,미디엄,,-,3,3,4,3
Campfire (캠프파이어),3218,블렌드,미디엄다크,,-,5,1,4,3
데일리스윗,43,블렌드,미디엄다크,,"토피, 맥아, 흑설탕",4,2,4,3
멜로브라운,1734,블렌드,미디엄,,-,2,2,4,1
스모키쿼츠 블렌드,3984,블렌드,미디엄다크,,-,4,1,3,3
백야 블렌드,281,블렌드,미디엄다크,,"캐슈넛, 견과류, 얼그레이, 감귤류, 달콤한, 부드러운 바디감",3,4,4,2
에티오피아 아리차 스페셜 G1 내추럴,57,싱글오리진,라이트,직접무역,"블랙베리 쥬스, 트로피칼 쥬스, 파파야, 딸기의 단맛, 체리의 상큼함",3,4,4,1
BACS 더스크 블렌드,4450,블렌드,다크,,-,4,1,3,2
디카페인 스프링 블렌드,3586,디카페인,미디엄,,-,3,4,3,2
에티오피아 예가체프G1 아리차 내추럴,3893,싱글오리진,라이트,,-,3,5,5,2
과테말라 SHB SW 디카프,1085,디카페인,미디엄,,"너트, 꿀, 레몬그라스",3,2,3,3
스윗탱고,4694,블렌드,다크,,-,5,1,5,4
디카페인 과테말라 SHB 싱글오리진,3058,디카페인,미디엄다크,,-,3,3,3,3
뛰뛰빵빵,4818,블렌드,미디엄,,-,3,2,5,2
케냐 가탕가리리 AA,4870,싱글오리진,라이트,,-,4,4,5,1
콜롬비아 슈가케인 디카페인,3148,디카페인,다크,,-,4,1,4,3
디카페인,3438,디카페인,미디엄다크,공정무역,-,4,1,5,4
램블 블렌드,105,블렌드,라이트미디엄,,"크랜베리, 블랙티, 캔디",2,4,4,2
윈터 블렌드,3585,블렌드,미디엄다크,,-,4,1,3,4
Classic Blend,196,블렌드,미디엄다크,직접무역,"초콜릿, 아몬드",4,2,5,3
얼반아이트 블렌드,3908,블렌드,다크,,-,5,1,5,3
젠틀레인,55,블렌드,미디엄다크,직접무역,"헤이즐넛, 누텔라",4,2,5,3
골든에라,41,블렌드,미디엄다크,,"블랙체리, 밀크 초콜렛, 밸런스드 바디",4,2,5,3
메이데이,60,블렌드,미디엄다크,,"과일, 쥬시, 카라멜",3,4,5,1
포세이돈 블렌딩,4682,블렌드,미디엄다크,,-,4,1,3,4
F 블렌드,1342,블렌드,미디엄다크,,"견과류, 밀크 초콜릿",4,2,4,4
콜롬비아 싱글오리진 디카페인,1049,디카페인,미디엄다크,,"사과, 텐저린, 캐러멜, 단호박, 다크초콜릿, 밸런스가 좋은",3,3,4,3
케냐AA 디카페인,3897,디카페인,미디엄다크,,-,4,4,4,3
다크 아이보리 블렌드,1476,블렌드,다크,,"캐슈넛, 구운아몬드, 밀크초콜렛",5,1,4,2
콜롬비아 디카페인,44,디카페인,미디엄다크,,"밤, 카카오, 자두",4,2,4,3
에티오피아 카욘 마운틴 내추럴,4061,싱글오리진,라이트미디엄,,-,3,4,3,1
Blend N.3,71,블렌드,미디엄,,"밀크 초콜릿, 오렌지, 좋은 밸런스",3,3,3,2
카넬리안 블렌드,3048,블렌드,미디엄다크,,-,3,2,4,4
오닉스 블렌드,3047,블렌드,미디엄다크,,-,4,2,4,4
에티오피아 하루수케,1735,싱글오리진,라이트,,-,1,4,4,1
핸디엄 밸런스 원두 다크 5kg,3524,블렌드,다크,,-,5,1,4,4
1st WAVE : Supply,22,블렌드,다크,공정무역,"다크 초콜릿, 마카다미아, 카라멜",4,1,3,4
노블레스 블렌딩,4696,블렌드,미디엄다크,,-,3,4,4,1
클래식 실버 블렌드,3244,블렌드,미디엄,,-,3,2,4,3
오버타임,1001,블렌드,미디엄다크,,"말린 과일, 초콜릿, 풀 바디, 균형감",5,1,5,1
디카페인 콜롬비아,3214,디카페인,다크,직접무역,-,4,3,4,3
콜롬비아 메사 알타,3739,싱글오리진,미디엄다크,,-,4,3,4,3
웨이브온 컴페티션 블랜드,3804,블렌드,다크,,-,5,1,3,4
그레이 포레스트,3369,블렌드,미디엄다크,유기농,-,4,2,4,2
다크 클로,3150,블렌드,다크,공정무역,-,5,1,4,4
에티오피아 G2 시다모 SW 디카프,1084,디카페인,미디엄,,"오렌지, 다크 초콜릿",2,3,3,2
시즈널 블렌드 '가을',4820,블렌드,미디엄,공정무역,-,4,2,4,2
디카페인 블렌드,226,디카페인,다크,직접무역,"견과류, 카라멜, 아몬드, 카카오, 브라운슈가",4,1,3,4
애비뉴 블렌딩,3055,블렌드,미디엄다크,,-,4,2,4,3
에티오피아 구지 우라가,224,싱글오리진,미디엄,직접무역,"청포도, 실키한 바디, 굿밸런스, 레몬주스, 감귤",2,3,2,1
에티오피아 리무 볼렌소,180,싱글오리진,미디엄다크,,"초콜릿, 과일",5,3,5,1
글램 앤 모어,1021,블렌드,라이트미디엄,,"체리, 포도, 토마토, 사과",3,4,3,1
르네테르 블렌드,110,블렌드,미디엄,,"바닐라, 오렌지, 꿀같은 달콤함, 좋은 발란스, 긴 여운",3,2,4,1
젠틀레인 디카페인,116,디카페인,미디엄다크,,-,4,2,4,3
시그니처 화이트,4486,블렌드,미디엄,직접무역,-,2,3,4,2
핸디엄 밸런스 원두 스윗 5kg,3525,블렌드,미디엄다크,,-,4,2,4,3
코스타리카 라 몬타나 데 라 쿰브레 화이트허니,4016,싱글오리진,라이트미디엄,,-,3,4,4,2
Harum 블렌딩,3462,블렌드,미디엄,유기농,-,3,4,4,2
콜롬비아 라 카바나 게이샤 애너러빅 내추럴,3177,싱글오리진,미디엄,,-,2,3,4,3
바흐 Bach,4802,블렌드,미디엄,,-,3,3,3,1
볼드 블렌드,4312,블렌드,미디엄다크,,-,4,2,4,3
콜롬비아 핀카 라 에스메랄다 아나에어로빅 허니,3601,싱글오리진,미디엄,,-,3,4,4,2
테디베어 블랜드,3606,블렌드,미디엄,,-,4,2,5,2
스타가이 블랜드,3021,블렌드,미디엄,,-,3,4,5,3
댐 굳 블렌드,4665,블렌드,다크,,-,5,1,4,4
케냐 AA TOP 키안두 스페셜티 풀리워시드,4426,싱글오리진,미디엄,,-,3,4,4,2
블렌드 C,3444,블렌드,미디엄다크,,-,3,3,4,2
"LIGHT,LIGHTER 에티오피아 하마쇼 내추럴",4736,싱글오리진,라이트,,-,4,3,5,1
고독,3152,블렌드,미디엄다크,공정무역,-,5,1,4,3
나폴리,1066,블렌드,미디엄,,"아몬드, 카라멜, 애플, 자스민",4,4,5,2
올드스쿨(Old School),3090,블렌드,다크,,-,4,2,5,3
브레가 블렌딩,3067,블렌드,미디엄다크,,-,4,2,4,2
블랙 앤 모어,1023,블렌드,다크,,"호두, 다크초콜릿, 카카오, 버터",5,1,4,2
다크로스팅 에티오피아 웨스트 아라시 넨세보 만도예 워시드,4726,싱글오리진,미디엄다크,,-,3,3,4,2
에티오피아 예가체프 아리차 에이미 G1 내츄럴,3020,싱글오리진,라이트미디엄,,-,3,4,4,1
D3,3505,블렌드,다크,,-,4,1,3,4
노 피어,3402,블렌드,다크,,-,4,1,4,4
코스타리카 핀카 마초 워시드,4772,싱글오리진,미디엄,,-,3,3,4,1
스윗가이 블랜드,3022,블렌드,미디엄,,-,3,4,4,3
꼬수운돌솥밥 블렌딩,3005,블렌드,미디엄다크,,-,4,1,5,5
레드써클 블렌드,3406,블렌드,미디엄,,-,3,4,4,2
풍요로운 땅,120,블렌드,다크,직접무역,"밀크 초콜릿, 땅콩카라멜, 향신료, 엘더베리",4,3,4,4
콜롬비아 수프리모,4705,싱글오리진,미디엄다크,,-,3,3,3,1
아침 블랜드,4057,블렌드,다크,,-,5,1,4,4
블렌드 애플 레드,2994,블렌드,라이트미디엄,,-,2,4,5,2
44도 블렌드,1101,블렌드,다크,,"호두, 다크초콜릿, 스모키",4,1,4,3
클래식 에스프레소,1041,블렌드,다크,,"다크 초콜릿, 카카오닙스, 묵직한 바디, 피칸",5,1,4,3
과테말라 안티구아 파노라마 SHB EP 풀리워시드,4429,싱글오리진,미디엄,,-,3,2,4,3
브라질 세라도 디카페인,3896,디카페인,미디엄다크,,-,4,2,4,3
딥 밸런스,235,블렌드,미디엄,유기농,초콜릿,4,1,3,4
제우스 블렌딩,4684,블렌드,미디엄,,-,4,2,4,3
어느푸른저녁,54,블렌드,미디엄,,"플로럴, 열대과일, 딸기, 청포도, 아몬드, 시러피, 밸런스",3,3,4,1
과테말라 산타펠리사 블루제이드,3603,싱글오리진,미디엄,,-,3,2,4,3
G'day Blend (좋은 하루의 시작),3705,블렌드,미디엄다크,,-,4,1,4,4
블랙 블렌드,3141,블렌드,다크,,-,5,3,4,4
디카페인 시그니처 다크 블렌드,4408,디카페인,다크,,-,4,3,4,4
Hammock (해먹),3217,블렌드,미디엄,,-,4,1,4,2
프라이데이,274,블렌드,미디엄다크,,"블랙베리, 구운 아몬드, 밀크 초콜릿",5,3,4,2
커튼콜,3391,블렌드,미디엄,,-,3,4,4,2
ESPRESSO 3s,174,블렌드,다크,직접무역,"과일잼, 홍차, 좋은 단맛",3,3,4,2
브라질 캄포 알레그레,225,싱글오리진,미디엄,직접무역,"사과, 말린 자두의 향, 대추, 다크 초콜릿",4,3,4,1
빈야도르 블렌드,113,블렌드,라이트,,"와이니, 오렌지, 라임, 달고 깨끗함",2,4,4,1
폴라베어 블랜딩,3605,블렌드,라이트미디엄,,-,4,3,5,2
시그니처 블랜드 타이틀드,3064,블렌드,미디엄,,-,3,3,5,2
콜롬비아 디카페인 한국커피 셀렉션,1038,디카페인,미디엄다크,직접무역,-,3,2,4,2
메리 옐로우,3465,블렌드,라이트미디엄,,-,1,4,4,1
조이가이 블랜드,3024,블렌드,미디엄다크,,-,4,2,5,2
웨이브온 블렌드,223,블렌드,미디엄다크,직접무역,"은은한 산미, 견과류 단맛, 다크초콜릿 후미",3,2,3,3
파푸아뉴기니 마라와카 블루마운틴,3894,싱글오리진,미디엄다크,,-,3,3,4,3
에티오피아 시다마 파피초 내추럴,1723,싱글오리진,라이트,,-,2,3,5,1
클래식 골드 블렌드,3241,블렌드,다크,직접무역,-,4,1,4,3
ETNA(에트나),4445,블렌드,미디엄,직접무역,-,3,3,4,2
마이 로맨스,56,블렌드,미디엄,직접무역,"딸기, 마시멜로, 오렌지향, 리치",3,4,4,2
디카페인 원두 (브라질),3725,디카페인,미디엄다크,,-,4,1,4,4
브라이트,1024,블렌드,라이트미디엄,,"오렌지, 복숭아, 월넛, 밀키한 텍스쳐",2,4,3,1
모카 블렌딩,4698,블렌드,미디엄다크,,-,4,1,3,2
레드 블렌딩 커피,3194,블렌드,미디엄,,-,2,4,3,1
싸우스폴 블렌드,83,블렌드,미디엄다크,,"다크 초콜릿, 카라멜, 은은하며 달다, 클린",4,1,4,1
에티오피아 디카페인,3895,디카페인,라이트미디엄,,-,3,4,4,3
브루클린,42,블렌드,미디엄,,"얼그레이, 히비스커스, 믹스드 베리",3,3,4,1
브라질 I.P 아카이아 내추럴,1736,싱글오리진,미디엄,,-,2,2,4,1
디카페인 올 데이 블렌드,137,디카페인,다크,,시나몬,5,2,3,4
호수 블렌드,4332,블렌드,다크,,-,5,1,5,2
네이비렄 블렌드,3030,블렌드,미디엄다크,,-,3,2,4,2
와이칸 다크,1331,싱글오리진,다크,직접무역,"다크초콜릿, 블랙체리, 잼, 솔티드카라멜",4,4,5,4
Enak 블렌딩,3456,블렌드,미디엄,유기농,-,4,2,4,3
송버드(Song Bird),3084,블렌드,미디엄,,-,2,4,4,1
인도네시아 만델링 G1 트리플픽,4428,싱글오리진,미디엄다크,,-,4,1,4,4
에티오피아 시다모 G1 봄베 와인 내추럴,4570,싱글오리진,라이트,,-,2,4,4,1
초콜릿 블렌드,1473,블렌드,미디엄다크,,"초콜릿, 카카오닙스, 카라멜",4,3,4,2
D1,3503,블렌드,미디엄다크,,-,4,2,4,3
Blend Base,1726,블렌드,다크,,-,3,1,2,4
더블 캐스트,3390,블렌드,라이트미디엄,,-,2,4,3,1
커먼센스 블렌드,3395,블렌드,미디엄다크,,-,4,1,3,2
에티오피아 예가체프 G2,3200,싱글오리진,미디엄,,-,2,3,2,1
트로피칼 플라워 게이샤 무산소,3555,싱글오리진,라이트,,-,3,4,4,1
스프링 블렌드,3583,블렌드,미디엄,,-,3,4,3,2
올드타운로드 하우스블랜드,3928,블렌드,다크,,-,4,1,5,4
데일리뷰티 블렌드,1292,블렌드,미디엄,,"은은하게 퍼지는 산미, 시럽같은 단맛, 카카오, 다크초콜렛, 좋은 바디감",4,2,4,2
시그니처블렌드 S,3839,블렌드,미디엄다크,,-,4,2,5,1
에티오피아 반코 고티티 G1 워시드,1722,싱글오리진,라이트,,-,2,4,3,1
아이올라이트 블렌드,3046,블렌드,미디엄다크,,-,4,2,4,4
하늘에 시그니처 블랜딩,1108,블렌드,라이트미디엄,,"오렌지, 카라멜, 쥬시",2,4,4,1
오차드 블렌딩,3065,블렌드,미디엄다크,,-,3,2,4,2
포스트업,186,블렌드,다크,,초콜릿,5,1,5,1
버터 슬럽 블렌드,3193,블렌드,미디엄다크,,-,4,1,4,2
MAUNA LOA(마우나 로아),4446,블렌드,미디엄다크,직접무역,-,4,2,4,3
불켜진공장 블렌드,4333,블렌드,미디엄다크,,-,4,2,4,2
에티오피아 예가체프 게뎁 단체 첼베사 워시드 G1,4523,싱글오리진,라이트,,-,2,3,3,1
디카프 슬럽,3180,디카페인,미디엄,,-,3,3,4,1
카메오 블렌딩,3899,블렌드,미디엄다크,,-,4,1,3,4
몽상스,1332,싱글오리진,미디엄,직접무역,"라임, 블랙티, 건포도, 밀크초코, 편안한 케냐",5,4,5,3
파나마 코토와 돈케이,8,싱글오리진,라이트미디엄,직접무역,초콜릿,4,4,5,2
아게다 블렌딩,3068,블렌드,라이트미디엄,,-,2,4,4,2
J브라운,4693,블렌드,미디엄,,-,4,1,4,3
디카페인 브라질,4601,디카페인,미디엄다크,공정무역,-,4,2,3,2
문래 블렌드,145,블렌드,미디엄다크,,"아몬드, 라즈베리, 브라운슈가, 초콜릿",5,1,5,4
에티오피아 딤투 테로 내츄럴,4766,싱글오리진,라이트,,-,3,3,4,1
아프로디테 블렌딩,4683,블렌드,라이트미디엄,,-,2,3,4,2
세피아 블렌딩,3898,블렌드,미디엄다크,,-,4,1,4,4
브라우니 블렌드,1708,블렌드,미디엄다크,,"비터스윗, 브라운 슈가, 엿기름, 카카오, 팝콘, 보리, 긴여운",4,1,4,2
기디 블렌드,4310,블렌드,라이트미디엄,,-,2,4,4,1
브라질 핀할 카티구아,4774,싱글오리진,라이트,,-,3,5,4,1
시그니처블렌드 D,3837,블렌드,미디엄다크,,-,5,1,5,1
알렉세이션,249,블렌드,미디엄,,-,3,3,4,1
블렌드 슈퍼 노멀,1316,블렌드,미디엄다크,,"다크 초콜릿, 구운 아몬드, 오렌지, 흑설탕, 묵직함",4,2,5,3
브라운 블렌딩 커피,1300,블렌드,미디엄다크,,"다크 초콜릿, 볶은 견과류, 카카오닙스, 버번위스키",5,1,5,3
브라질 세하도 NY2,4691,싱글오리진,미디엄다크,,-,3,1,3,3
돌담in애월,1109,블렌드,미디엄다크,,"다크초콜렛, 흑설탕, 롱 애프터",5,2,5,3
아이보리 블렌드,1475,블렌드,미디엄다크,,"아몬드, 너트, 다크초콜렛",4,3,4,2
엘리 크릭,1047,블렌드,미디엄다크,직접무역,"카라멜, 다크 체리, 밀크 초콜릿, 스윗",3,3,2,4
콜롬비아 디에고 베르가라 자바 이스트 무산소발효 워시드,4546,싱글오리진,라이트미디엄,직접무역,-,3,4,4,2
하이로 디카프리오,3447,디카페인,미디엄,직접무역,-,3,4,4,2
블랙수트 블랜드,3354,블렌드,미디엄,,-,3,2,3,1
데일리블렌드,3433,블렌드,미디엄다크,공정무역,-,4,1,5,3
콜롬비아 라 레오나 만다린,3738,싱글오리진,라이트미디엄,,-,3,4,4,1
꼬소한쌀밥 블렌딩,4041,블렌드,다크,,-,4,1,5,5
이븐 블렌드,1204,블렌드,미디엄다크,,"와인, 견과류, 초콜릿, 밸런스",4,1,3,3
케냐 야라 AB TOP,1737,싱글오리진,라이트,,-,1,4,4,1
블랙렄 블렌드,3029,블렌드,다크,,-,4,1,4,2
콜롬비아 모틸론,3147,싱글오리진,미디엄다크,,-,4,2,4,1
레이크 맥켄지,1048,블렌드,미디엄,공정무역,"와일드 베리, 사탕수수, 스톤프루츠, 클린",3,3,3,2
블랙 스트림 4kg,4837,블렌드,미디엄다크,,-,5,1,4,3
모노그램(Mono Gram),3089,블렌드,미디엄다크,,-,3,3,5,2
프렌치,1336,블렌드,다크,직접무역,"카카오닙스, 토피, 카라멜",5,1,4,4
에티오피아 케라모 G1 워시드,3907,싱글오리진,미디엄,,-,2,3,3,1
ESPRESSO DECAF(디카페인),4449,디카페인,다크,직접무역,-,4,2,2,3
과테말라 안티구아 SHB,4702,싱글오리진,미디엄다크,,-,3,1,3,1
오렌지 슈가 블렌드,4674,블렌드,미디엄,,-,3,4,4,2
상큼한초밥 블렌딩,134,블렌드,미디엄다크,,"쌀밥, 땅콩, 아몬드, 허브, 감귤",3,3,3,2
CLASSIC BLEND,173,블렌드,다크,직접무역,"황설탕, 카카오닙스, 초콜릿",3,3,4,2
디카페인 에티오피아 예가체프 콩가 내추럴,3460,디카페인,미디엄,유기농,-,3,4,5,3
브라질 파젠다 산타루시아 펄프드내추럴,4839,싱글오리진,라이트미디엄,,-,3,3,3,3
더 블랙,4485,블렌드,다크,직접무역,-,5,1,3,4
과테말라 SHB 마운틴워터 디카페인,4643,디카페인,미디엄다크,,-,3,3,4,3
BACS 다크 블렌드,74,블렌드,다크,,초콜릿,4,2,3,1
오아시스 블렌드,4330,블렌드,미디엄,,-,3,3,5,1
시그니처블렌드 A,3838,블렌드,미디엄다크,,-,5,1,5,1
케냐 뚱구리 AA,4458,싱글오리진,라이트,,-,3,4,4,1
핀카 엘피날 린다 비스타 게이샤,3553,싱글오리진,라이트,,-,3,4,4,1
DCW 블렌드,1086,디카페인,미디엄,,"카라멜, 너트, 오렌지",2,2,3,2
써니비치,4321,블렌드,라이트미디엄,,-,2,4,4,1
타이거릴리,3909,디카페인,라이트미디엄,직접무역,-,3,3,4,2
화사한 빈도,4153,블렌드,라이트미디엄,,-,3,3,4,3
디카페인 에티오피아 예가체프 워카 내추럴 스위스 워터,61,디카페인,다크,,"건자두, 캐러멜, 다크 초콜릿",4,2,4,3
302 블렌드,3157,블렌드,미디엄다크,유기농,-,4,3,5,2
콜롬비아 엘 카르멘 워시드,1504,싱글오리진,미디엄,공정무역,"홍사과, 아몬드, 흑당",4,2,5,2
도화 블렌드,36,블렌드,미디엄,,"초콜릿, 과일",4,3,4,3
Winter 블렌딩,3457,블렌드,미디엄다크,유기농,-,5,1,4,3
세븐레이크,4313,블렌드,미디엄,,-,3,3,4,3
디카페인 블렌딩,3069,디카페인,미디엄다크,,-,4,3,4,2
브라질 옐로우버번 MWP 디카페인원두,1714,디카페인,미디엄다크,,-,3,2,5,3
위WE,117,블렌드,미디엄,직접무역,"천도복숭아, 바닐라, 마카다미아",3,4,5,2
카펜터,10,블렌드,미디엄다크,,"오렌지, 자두, 블랙슈가, 다크초콜릿, 좋은 밸런스",3,3,4,3
레드베릴 블렌드,3043,블렌드,미디엄,,-,2,4,4,2
캠프파이어 블렌드,1712,블렌드,미디엄,,-,3,3,3,3
에티오피아 코케 허니 예가체프 G1,1710,싱글오리진,미디엄다크,,"오렌지, 복숭아, 밀크초콜릿",3,4,5,1
올드네이버,3026,블렌드,다크,,-,5,1,4,4
과테말라 디카페인 마운틴워터 프로세스,1017,디카페인,미디엄다크,,"헤이즐넛, 초콜릿, 토마토, 굿 바디",4,3,4,2
R 블렌드,1341,블렌드,미디엄,,"꽃향, 은은한 산미, 좋은 바디",3,3,3,2
디카페인 블렌드 위켄드,4017,디카페인,미디엄다크,,-,4,1,4,3
COLOMBIA TAMARA(콜롬비아 타마라),4459,싱글오리진,미디엄,직접무역,-,4,3,3,3
카라멜 슬럽 블렌드,1340,블렌드,미디엄,,"카라멜, 말린과일, 아몬드",3,2,4,2
로엄버 블렌딩,3900,블렌드,미디엄,,-,3,2,3,3
아이에스오 백,3392,블렌드,다크,,-,4,1,3,3
조바티 디카페인 블렌드,3914,디카페인,미디엄다크,직접무역,-,3,3,3,2
과테말라 산로렌조 엘쿠로 블랙허니,4840,싱글오리진,라이트미디엄,,-,3,3,3,3
시즈널 블렌드 '여름',4306,블렌드,라이트,공정무역,-,3,4,4,2
디카페인 고소한 빈도,4172,디카페인,미디엄,,-,3,2,4,3
율 디캐프 다크,1478,디카페인,다크,,"구운 밤, 잣, 밀크 초콜렛",3,1,4,2
엘 살바도르 라 시베리아 레드버번 워시드,3486,싱글오리진,라이트,,-,3,3,5,2
콜린,3,블렌드,미디엄다크,공정무역,"다크 초콜릿, 체리, 아몬드",4,2,4,1
썸즈업 블렌드,1104,블렌드,미디엄다크,,"다크 초콜릿, 카카오, 마카다미아, 건포도",4,1,3,2
네이비렄다크 블렌드,3031,블렌드,다크,,-,4,1,4,2
모노톤,227,블렌드,미디엄다크,,초콜릿,4,1,4,4
몬스테라,190,블렌드,미디엄,,"크랜베리, 라즈베리, 밀크 초콜릿",3,4,4,1
반달 베어 블랜딩,3607,블렌드,미디엄다크,,-,5,1,5,3
릴렉스 블렌드,3404,블렌드,미디엄,,-,4,1,5,2
인도네시아 만델링 G1,4604,싱글오리진,다크,공정무역,-,4,3,3,4
길들인다,3151,블렌드,미디엄다크,공정무역,-,4,1,3,1
카프리,3508,디카페인,미디엄다크,,-,4,1,4,3
Decaffeinated Blend,194,디카페인,미디엄,,"헤이즐넛, 아몬드, 흑설탕, 크리미한 바디감",4,3,3,2
과테말라 스위스 디카페인,4707,디카페인,미디엄다크,,-,3,3,3,1
케냐 키린야가 캄완기 AA TOP,1702,싱글오리진,라이트,,"오렌지,자몽,달콤함,라운드바디",2,3,5,1
바다뷰 디카페인,3946,디카페인,미디엄다크,,-,4,3,3,2
아몰렌떼 디카페인 원두 커피,3921,디카페인,미디엄다크,,-,4,2,4,2
콜롬비아 엑셀소 EP 디카페인 마운틴 워터,1707,디카페인,미디엄다크,,"카라멜, 초콜릿, 오렌지, 슈가케인, 볶은피넛",3,1,3,2
일상 블렌드 A (아메리카노),3721,블렌드,미디엄,,-,4,3,5,3
에티오피아 워르카 우리 워시드,4767,싱글오리진,라이트,,-,3,3,4,1
다크초코 블렌딩,1120,블렌드,미디엄다크,,다크 초콜릿,4,3,4,2
이탈리안잡 블렌드,141,블렌드,미디엄다크,,"흑당, 다크초콜릿, 균형감",4,2,4,4
봄의 제전,205,블렌드,미디엄,직접무역,"블루베리, 라즈베리, 장미, 향기로운 과일 향기",5,4,5,2
노네임블렌드,1073,블렌드,미디엄다크,,"아몬드, 월넛, 오렌지, 다크 초콜릿",3,2,4,3
그레이 블렌드,3140,블렌드,미디엄다크,,-,4,2,3,2
필베러,19,블렌드,미디엄,,"달콤한 산미, 자두, 복숭아, 갈색설탕, 좋은 밸런스",3,3,4,1
아이리스,9,블렌드,라이트미디엄,,"스트로베리, 복숭아, 브라운슈가, 밀크초콜릿, 길고 깨끗한 여운",2,4,4,2
헬로 다크니스,1018,블렌드,다크,,-,5,1,4,4
다크우드,119,블렌드,다크,직접무역,"베리, 초콜릿",4,3,5,3
에티오피아 예가체프 첼베사 워시드,3810,싱글오리진,미디엄,,-,3,4,4,2
프레쉬 블렌드,4613,블렌드,라이트미디엄,,-,3,4,4,1
카페5060,4759,블렌드,미디엄다크,공정무역,-,3,1,3,3
부릉부릉,4819,블렌드,라이트미디엄,,-,3,4,4,1
아이스브레이커,272,블렌드,미디엄,,"적사과, 마카다미아, 자두",4,4,5,1
콜롬비아 E.A 디카페인,1088,디카페인,미디엄다크,,"군고구마, 군밤, 흑설탕, 견과류",4,2,4,3
2nd WAVE : Customizing,23,블렌드,미디엄다크,공정무역,"밀크 초콜릿, 오렌지, 베리류",4,3,4,2
딥씨 블렌드,104,블렌드,미디엄,,"귤, 포도, 초콜릿",3,3,4,3
조바티 클래식 블렌드,3910,블렌드,미디엄다크,직접무역,-,4,2,3,3
시에나,3040,블렌드,미디엄다크,,-,5,1,5,2
다크 브라운,3039,블렌드,다크,,-,5,1,5,4
코스타리카 따라주,4605,싱글오리진,미디엄다크,공정무역,-,3,2,3,3
브라운렄블렌드,3028,블렌드,미디엄다크,,-,4,2,4,2
에티오피아 예가체프 G1 할로 베리티 워시드,3061,싱글오리진,미디엄,,-,2,3,4,2
블랙오르페우스,266,블렌드,다크,,-,5,1,4,4
파푸아뉴기니 AA 쿠아 블루마운틴 풀리워시드,4427,싱글오리진,미디엄,,-,3,3,4,3
에티오피아 모모라 내추럴 구지 G1,1706,싱글오리진,라이트미디엄,,"꿀, 살구, 체리, 딸기, 복숭아, 재스민, 감귤",3,4,4,1
블렌드 신월,1471,블렌드,다크,,"맥아, 흑맥주, 그레인, 다크초콜릿, 스무스바디",5,1,4,4
과테말라 SHB 스위스워터 디카페인,2995,디카페인,미디엄다크,,-,4,2,4,3
시다모 파피초 내추럴,3763,싱글오리진,라이트,,-,3,4,4,1
에티오피아 시다모 워시드 G2,4706,싱글오리진,미디엄다크,,-,3,3,3,1
Seasonal Blend,197,블렌드,라이트미디엄,직접무역,"과일, 카라멜, 핵과류, 실키",3,4,4,1
블렌드 너티 퍼플,2993,블렌드,미디엄다크,,-,4,1,4,3
온두라스 COE#10 아구아 둘세 게이샤 워시드,4841,싱글오리진,라이트미디엄,,-,3,4,4,2
비터스윗 라이프 에디션2,52,블렌드,다크,,"흑설탕, 카카오닙스, 다크초콜릿, 묵직한 바디와 쌉쌀한 애프터",5,1,4,4
스칼렛,3041,싱글오리진,미디엄다크,,-,4,2,5,2
케냐 가차타 AA,3552,싱글오리진,라이트미디엄,,-,3,4,4,1
Snokel (스노클),3221,블렌드,라이트미디엄,,-,2,2,4,1
안신단고 블렌딩,1118,블렌드,미디엄다크,,견과류,4,3,4,2
펀치,3205,블렌드,다크,,-,3,2,4,2
일랑일랑 블렌드,3013,블렌드,라이트미디엄,,-,3,4,4,1
나탈리,2,블렌드,미디엄,공정무역,"딸기, 와인, 화이트 초콜릿",2,3,5,1
블렌드 B,167,블렌드,라이트미디엄,,"포도, 견과류",3,4,3,2
고소한 빈도,4122,블렌드,미디엄,,-,3,1,5,3
케냐 AA 워시드,1470,싱글오리진,라이트,,"자몽, 라임, 토마토, 자두, 브라운 슈가",3,4,4,1
케냐 바링고 워시드 AB,4015,싱글오리진,미디엄,,-,3,3,4,3
다크브릭스 블렌드,3588,블렌드,미디엄다크,,-,5,1,3,4
플레이어,12,블렌드,미디엄다크,,"초콜릿, 견과류",4,2,4,3
에티오피아 G1 콩가,188,싱글오리진,미디엄,,"꽃향기, 블루베리, 건자두",3,4,3,2
콜롬비아 비야라조 시나몬,3736,싱글오리진,라이트미디엄,,-,3,3,4,3
피크 블렌드,1207,블렌드,미디엄다크,,"카라멜, 밀크초콜릿, 좋은 바디감",3,2,3,2
에티오피아 예가체프 코체레 G2 워시드,3459,싱글오리진,라이트미디엄,유기농,-,2,4,4,1
리밀 블렌드,1016,블렌드,미디엄다크,,"견과류, 카카오, 다크초콜릿, 브라운슈가, 오렌지",4,2,4,4
랑케블랙,4316,블렌드,다크,,-,5,1,4,4
하이홉스 시즈널블랜드,3929,블렌드,미디엄,,-,3,3,5,2
휘둥그레블렌드,4760,블렌드,미디엄다크,공정무역,-,4,1,4,3
Classic Plus Blend,195,블렌드,다크,직접무역,"다크 초콜릿, 카카오, 아몬드",5,1,5,4
바이올렛 블렌딩 커피,3199,블렌드,미디엄다크,,-,2,2,3,1
삼척블렌드,2998,블렌드,미디엄다크,,-,5,2,4,3
Parachute (패러슈트),3219,블렌드,미디엄,,-,3,2,5,2
마일드 블렌딩,4699,블렌드,미디엄다크,,-,3,2,3,3
고소한쌀밥 블렌딩,133,블렌드,미디엄다크,,"쌀밥, 땅콩, 아몬드, 설탕, 초콜렛",3,1,4,2
우리집블렌드,3012,블렌드,미디엄다크,공정무역,-,3,2,4,1
포트리스 블렌드,1713,블렌드,미디엄다크,,-,4,2,4,4
CALLA LILY(칼라 릴리),4448,싱글오리진,미디엄,직접무역,-,3,3,3,2
과테말라 엘 소코로 버본,4775,싱글오리진,라이트,,-,3,4,4,1
클래식 블렌드,4611,블렌드,다크,,-,4,1,4,3
Blend N.1,69,블렌드,라이트,,"시트러스, 바닐라, 크리미 바디, 시러피, 복숭아",3,3,5,1
에티오피아 예가체프 할로베리티 G1 워시드,3450,싱글오리진,라이트미디엄,,-,2,4,4,2
마블 디카프,4842,디카페인,미디엄다크,,-,3,2,5,3
콜롬비아 디카페인 에스프레소,1045,디카페인,다크,,"감초, 다크 초콜릿, 카카오닙스",4,1,5,4
Decaf 디카페인,3516,디카페인,미디엄,공정무역,-,4,4,4,2
퍼플렄 블렌드,3027,블렌드,라이트미디엄,,-,3,3,4,1
블렌드 A,168,블렌드,미디엄다크,,"밀크 초콜릿, 견과류, 깔끔한 바디",4,2,4,3
디카페인 원두,3357,디카페인,미디엄다크,,-,3,1,4,2
아헨 Aachen,4801,블렌드,미디엄다크,,-,4,2,4,1
람블라 블렌딩,3070,블렌드,미디엄다크,,-,3,2,4,2
디카페인 스윗 블라썸 블렌드,4407,디카페인,다크,,-,4,3,4,3
봄 블랜드,4188,블렌드,라이트미디엄,,-,3,4,4,1
디카페인 과테말라 블렌드,136,디카페인,미디엄다크,,초콜릿,4,3,2,4
과테말라 엘 소코로 산 로렌조 스페셜티,3841,싱글오리진,미디엄다크,,-,4,1,4,2
콜롬비아 디카페인 커피 원두 새벽,4004,디카페인,미디엄다크,공정무역,-,4,2,4,2
버밀리온 블렌딩,3901,블렌드,미디엄,,-,3,2,4,3
과테말라 안티구아 디카페인,189,디카페인,다크,,초콜릿,4,1,4,4
짙은 블렌드,3016,블렌드,미디엄다크,,-,4,2,4,3
블루문,3042,디카페인,미디엄다크,,-,4,1,4,2
투게더 블렌드,3617,블렌드,다크,유기농,-,4,1,4,4
다크그린 블렌딩 커피,3198,블렌드,미디엄다크,,-,3,2,3,2
자몽 블렌딩,1121,블렌드,미디엄다크,,"자몽, 과일",4,3,4,2
콜롬비아 엘 오브라헤 게이샤 무산소발효 내추럴,4010,싱글오리진,라이트,,-,3,4,4,2
스테이블 블렌드,4309,블렌드,미디엄,,-,3,2,4,1
딥 스모키,275,블렌드,미디엄다크,유기농,-,5,1,3,5
Avo 블랜드,3707,블렌드,라이트미디엄,,-,2,4,3,2
뉴월드 블렌드,4750,블렌드,미디엄다크,직접무역,-,3,2,3,3
러스트 블렌딩,3903,블렌드,미디엄다크,,-,4,1,4,4
피타 블렌드,1107,블렌드,미디엄다크,직접무역,"시트러스, 살구, 캐러멜, 허니",3,3,4,2
옐로우렄블렌드,3345,블렌드,미디엄다크,,-,4,2,4,2
그 해 겨울,1040,블렌드,미디엄,직접무역,"체리, 라즈베리, 밀크 초콜릿, 헤이즐넛, 좋은 밸런스, 클린",4,3,5,1
라까프 핀 블렌드,3160,블렌드,다크,공정무역,-,4,1,4,4
BEIGE 블랜드,1210,블렌드,라이트,,"플로럴, 오렌지",3,4,5,1
엘 카미노,11,블렌드,미디엄다크,,"견과류, 초콜릿",3,1,4,3
피어투피어,1093,블렌드,미디엄,,"오렌지, 밀크초콜렛, 케인슈가, 블랙티",2,3,3,1
에티오피아 예가체프 게이샤 G1 내추럴,3602,싱글오리진,라이트,,-,3,4,4,2
디카페인 과테말라,4602,디카페인,미디엄다크,공정무역,-,3,3,3,2
리허설,3393,블렌드,미디엄다크,,-,3,2,3,2
피치 슬럽 블렌드,1494,블렌드,라이트미디엄,,"꽃향기, 베리류, 핵과류",2,3,4,2
7:01AM 블렌드,3359,블렌드,다크,,-,4,1,4,3
콜롬비아 아마티보 로꼬시리즈 카리베,3176,싱글오리진,미디엄,,-,2,3,5,2
BURUNDI ROYAL BEATS(부룬디 로얄 비츠),4455,싱글오리진,미디엄,직접무역,-,4,3,3,2
오드아이,228,블렌드,다크,,초콜릿,5,1,5,4
반월 블렌드,4331,블렌드,다크,,-,4,2,5,1
Zero WAVE : Ordinary,1311,블렌드,다크,,"다크초콜릿, 토피넛, 카카오",4,1,4,4
디카페인 엘살바도르,4600,디카페인,미디엄다크,공정무역,-,3,2,3,2
BRICK 블랜드,1209,블렌드,미디엄다크,,"다크초콜릿, 사탕수수",4,1,4,1
인도 블랜드,3706,블렌드,다크,,-,5,1,3,4
BAGUS 블렌딩,3461,블렌드,미디엄다크,유기농,-,5,2,3,4
M블랙,4692,블렌드,다크,,-,5,1,4,3
비터스윗,3563,블렌드,미디엄다크,,-,4,2,3,4
브라질 산타루시아,3223,싱글오리진,미디엄,,-,2,2,4,2
매뉴얼,5,블렌드,미디엄다크,,-,4,2,4,3
브릭 에스프레소,1043,블렌드,미디엄다크,,"카라멜, 흑설탕, 블랙티, 오렌지, 라운드한 촉감",3,2,4,2
에티오피아 예가체프 게이샤,3891,싱글오리진,라이트미디엄,,-,3,4,4,3
허클베리,292,블렌드,미디엄,,"크랜베리, 카라멜, 초콜릿",2,3,4,1
콜롬비아 수프리모 후일라 산 비센테 라 플라타,4443,싱글오리진,미디엄,,-,3,4,3,2
비터스윗 라이프 에디션1,51,블렌드,미디엄다크,,"카라멜, 황설탕, 밀크초콜릿, 균형감있는 단맛",4,2,4,3
어텀 블렌드,3584,블렌드,미디엄,,-,3,2,4,3
인도 마이소르 너겟 엑스트라 볼드,1092,싱글오리진,다크,,-,5,1,5,4
Blend Dark,1727,블렌드,다크,,-,4,1,3,5
Ethiopia Guji G1(에티오피아 구지 G1),4799,싱글오리진,미디엄,직접무역,-,3,3,3,2
공단향 블렌드,103,블렌드,다크,,"카카오, 다크 초콜릿, 블랙베리",4,2,5,4
스윗 앤 모어,1022,블렌드,미디엄다크,,"사탕수수, 카라멜, 밀크 초콜릿, 아몬드",4,2,4,1
헥사 블렌드,1103,블렌드,미디엄다크,,"말린 자두, 다크초콜릿, 아몬드, 홍차",4,3,3,2
숲,118,블렌드,미디엄,직접무역,"볶은 땅콩, 향신료, 코코아, 레몬",4,4,5,1
에티오피아 카욘마운틴 내추럴 구지 G1 스페셜티,4008,싱글오리진,미디엄,공정무역,-,3,3,4,2
미드나잇 블루 (디카페인 원두),3614,디카페인,다크,,-,4,1,4,3
푸짐한알밥 블렌딩,1200,블렌드,미디엄다크,,"쌀밥, 땅콩, 카카오, 보리차, 옥수수",4,1,3,4
디 카페인 블렌드,37,디카페인,미디엄다크,,-,4,1,4,3
2시 15분,3437,블렌드,미디엄,공정무역,-,3,4,5,1
룰라바이,1013,디카페인,미디엄,,"귤, 시나몬, 꿀",2,3,5,1
오드 블렌드,1205,블렌드,미디엄,,"과일, 크리미, 홍차",3,3,4,2
비숲,203,블렌드,다크,직접무역,"레드와인, 다크 초콜릿, 흑설탕, 낮은 산미",3,1,3,4
간편한즉석밥 블렌딩,1201,블렌드,미디엄다크,,"쌀밥, 땅콩, 설탕, 보리차, 옥수수",3,1,3,4
케냐 띠리쿠 AA 워시드,4826,싱글오리진,미디엄,,-,4,4,5,1
하드워커,1063,블렌드,미디엄다크,,"다크초콜릿, 카카오, 비터스윗",3,2,4,2
컨트리사이드 디카페인 싱글오리진,3963,디카페인,미디엄다크,,-,4,3,5,4
허니서클 블렌드,3011,블렌드,미디엄,,-,3,2,4,2
블렌드 캔디 그린,2992,블렌드,라이트미디엄,,-,2,4,3,2
디카페인 에티오피아 블렌드,135,디카페인,라이트미디엄,,과일,3,4,5,2
리치 라운드,3207,블렌드,미디엄다크,,-,2,2,4,3
라이프 블렌드,4482,블렌드,다크,,-,4,1,4,3
케냐 뚱구리 피베리,4778,싱글오리진,라이트,,-,4,5,5,1
피렌체,3038,블렌드,미디엄다크,,-,5,1,3,4
휴식 블랜드,4056,블렌드,미디엄다크,,-,4,2,4,3
스페셜티 블렌드,3616,블렌드,미디엄,,-,2,4,4,1
호이스트,1002,블렌드,미디엄,,"감귤, 사과쥬스, 시럽같은 촉감, 카카오, 다채로운",3,3,4,1
밸런스,3562,블렌드,미디엄다크,,-,3,3,3,3
Caramelo 카라멜로,3514,블렌드,미디엄,공정무역,-,3,4,4,1
콜롬비아 파라이소92 핑크버본,4524,싱글오리진,라이트,,-,1,3,4,1
에티오피아 블렌드,4695,블렌드,미디엄,,-,3,3,4,1
아몬드 블렌딩,1119,블렌드,미디엄다크,,"구운 땅콩, 아몬드, 견과류",4,3,4,2
디어 베이커,276,블렌드,미디엄,유기농,-,4,3,4,1
디카프 브라질 NY2/3 mountain water,1495,디카페인,미디엄다크,,"마카다미아, 땅콩, 누룽지",4,1,4,2
시그니처 블랜드 000 디카페인,3075,디카페인,미디엄다크,,-,3,1,5,2
과테말라 웨웨테낭고 SHB 디카페인,82,디카페인,미디엄다크,,"아몬드, 밀크초콜릿, 군밤",3,2,4,1
에티오피아 예가체프 아리차 g1 내추럴,3458,싱글오리진,라이트미디엄,유기농,-,3,4,5,1
[다크] 케냐 키리냐가 아실리 AA+ 워시드,4522,싱글오리진,미디엄다크,,-,4,2,4,3
페루 엘 세드로 마르셀 워시드,4785,싱글오리진,라이트,,-,3,4,4,1
명지바람,3608,블렌드,미디엄다크,유기농,-,3,4,2,2
커피가이 블렌드,3006,블렌드,미디엄,,-,4,3,5,2
극야 블렌드,280,블렌드,다크,,"다크초콜릿, 구운 견과류, 카카오닙스, 묵직한 바디감",5,1,4,4
우일라 디카페인,127,디카페인,미디엄다크,,초콜릿,3,3,4,2
레스벗베러,18,블렌드,다크,,"다크초콜릿, 카라멜, 적은 산미, 좋은 바디감",4,1,5,4
SANTA ISABEL(산타 이사벨),4447,블렌드,미디엄다크,직접무역,-,3,2,2,3
샹젤리제 블렌딩,3072,블렌드,라이트미디엄,,-,2,4,5,2
디카페인 싱글 오리진 커피,3196,디카페인,미디엄다크,,-,3,1,3,2
데일리 스윗 플러스,3429,블렌드,미디엄,,-,3,4,4,3
시그니처 블랜드 언타이틀드,3071,블렌드,미디엄,,-,3,3,5,2
맛좋은커피블렌드,3014,블렌드,다크,공정무역,-,4,1,5,2
뉴커먼,1026,블렌드,미디엄다크,,"견과류, 오렌지, 헤비 바디",4,2,3,1
블랙 블렌딩 커피,3195,블렌드,다크,,-,5,1,4,3
조바티 브라운 블렌드,3911,블렌드,미디엄다크,직접무역,-,3,3,3,2
디카페인 에티오피아 짐마,2999,디카페인,미디엄다크,,-,3,2,4,2
Nube Gris 누베그리스,3513,블렌드,미디엄다크,공정무역,-,4,2,4,3
리들리,191,블렌드,미디엄다크,,"볶은 견과류, 아몬드 초콜릿, 몰트",4,2,4,3
하우스블렌드,3015,블렌드,미디엄다크,공정무역,-,3,3,4,1
초코블라썸 블랜드,3356,블렌드,라이트미디엄,,-,3,4,4,1
디카페인 어텀 블렌드,3587,디카페인,미디엄,,-,3,2,4,3
바이올렛 블렌드,1479,블렌드,라이트미디엄,,"오렌지, 건포도, 카라멜",3,4,4,1
데일리 블루,4484,블렌드,미디엄다크,직접무역,-,4,2,3,4
클래식 블렌드 1996,4305,블렌드,라이트미디엄,,-,2,4,3,1
나이트아울 블렌드,232,블렌드,미디엄,공정무역,초콜릿,4,2,5,3
온두라스 카바예로 워시드 아나에어로빅,4797,싱글오리진,라이트미디엄,공정무역,-,3,3,5,1
과테말라 우에우에테낭고 디카페인,3231,디카페인,미디엄,,-,3,1,3,2
커넥츠 블렌드,1012,블렌드,미디엄,,"월넛, 몰트, 브라운슈가, 건포도, 오렌지, 굿밸런스",3,2,3,1
잘자요 디카페인,282,디카페인,다크,,"브라우니, 다크 초콜릿, 구운 견과류, 크래커",4,1,3,4
리볼브,185,블렌드,미디엄,,-,3,3,5,1
아시아 블랜드,4790,블렌드,다크,,-,4,1,3,4
파나마 페리엔 게이샤 워시드,3740,싱글오리진,라이트미디엄,,-,3,3,4,1
핸디엄 밸런스 원두 아로마 5kg,3526,블렌드,미디엄다크,,-,3,3,4,1
시그니처 블렌드,3556,블렌드,미디엄,,-,4,4,3,4
일상 블렌드 L (라떼),3722,블렌드,미디엄다크,,-,5,1,5,4
킵고잉 블렌드,4689,블렌드,미디엄다크,,-,4,1,3,4
안목블렌드,146,블렌드,미디엄다크,,"감귤류, 살구, 피칸, 마카다미아, 아몬드",4,4,5,3
에티오피아 반티넨카,3229,싱글오리진,라이트미디엄,직접무역,-,1,3,3,1
디카페인 에티오피아,4603,디카페인,미디엄다크,공정무역,-,3,2,3,2
마르께,1089,블렌드,다크,,"구운 아몬드, 밀크 초콜릿, 좋은 바디",4,2,4,3
덕분에블렌드,3009,블렌드,미디엄,공정무역,-,4,3,4,1
에티오피아 예가체프 첼바 쿠멜라초 G1,3802,싱글오리진,라이트,,-,2,4,5,1
밀밭,3153,블렌드,라이트미디엄,공정무역,-,4,4,4,3
모리 로부스타 쎄 허니,3935,싱글오리진,라이트미디엄,직접무역,-,4,1,4,2
홀레스트,231,블렌드,다크,,"호두, 땅콩, 흑설탕, 카카오, 시리얼",4,1,4,2
시그니처블렌드 B,3836,블렌드,미디엄다크,,-,3,2,4,1
위시풀 블렌드,4311,블렌드,미디엄,,-,3,3,5,3
진양조,70,블렌드,미디엄다크,,"견과류, 옥수수, 긴 여운",3,1,3,3
과테말라 파노라마,3232,싱글오리진,미디엄다크,,-,3,1,4,2
프렌들리 블렌드,4052,블렌드,미디엄다크,,-,4,2,5,2
소소하게 블렌드,3017,블렌드,미디엄,,-,4,1,4,3
밸런스 블렌드,4612,블렌드,미디엄,,-,3,3,4,3
L 블렌드,4823,블렌드,다크,,-,4,1,4,3
날아올라,206,싱글오리진,라이트,직접무역,"자스민, 복합적, 엘더베리, 달다",4,4,4,2
다크블루,1731,블렌드,미디엄다크,,-,4,1,5,2
과테말라 와이칸 워시드,4014,싱글오리진,라이트미디엄,,-,3,3,4,2
아로마,3565,블렌드,라이트미디엄,,-,2,4,2,1
에티오피아 게이샤 피치 G1,4488,싱글오리진,라이트,공정무역,-,3,4,3,1
블렌드 루트 블랙,1725,블렌드,미디엄다크,,-,5,1,4,3
타이거 스모크 블랜드,3557,블렌드,다크,,-,5,1,5,2
센스 앤 센서빌리티,53,블렌드,미디엄,,"꽃향, 오렌지, 자두, 카라멜, 산미와 단맛의 조화로움",3,4,4,2
멕시코 디카페인,1573,디카페인,라이트미디엄,,"카카오닙스, 스카치캔디, 블랙티",3,3,4,3
뷰블렌드,3937,블렌드,다크,,-,3,1,2,3
마젠타 블렌드,3142,블렌드,미디엄,,-,2,4,3,1
에스프레션,3561,블렌드,미디엄,,-,4,2,4,3
콜롬비아 후일라 수프리모,3008,싱글오리진,미디엄다크,,-,4,3,4,2
에티오피아 구지 라요 타라가 워시드,1589,싱글오리진,라이트미디엄,,"플로럴, 망고, 오렌지, 사탕수수, 살구",3,4,3,1
33도 블렌드,218,블렌드,라이트미디엄,,"청포도, 꿀, 꽃",1,3,4,1
L1,3507,블렌드,라이트미디엄,,-,2,4,3,2
알파 블렌드,4730,블렌드,미디엄다크,,-,4,1,4,3
그린 블렌딩 커피,1298,블렌드,미디엄다크,,"바닐라, 월넛, 브라운 슈가, 건포도",4,3,4,2
라 콜리나,3401,블렌드,미디엄,,-,2,3,3,2
다크초콜릿 블렌드,1474,블렌드,다크,,"피넛캔디, 흑설탕, 마카다미아",5,1,4,2
케냐 AA TOP 오타야 칭가 퀸,3892,싱글오리진,미디엄다크,,-,5,3,5,3
콜롬비아 핀카 라 레세르바 카투라치로소,4786,싱글오리진,라이트,,-,4,4,4,1
66도 블렌드,219,블렌드,미디엄,,"밀크 초콜릿, 감귤, 군고구마",3,1,3,2
바다블렌드,3936,블렌드,미디엄다크,,-,4,3,4,2
크로마 블렌드,4800,블렌드,미디엄,공정무역,-,4,3,4,3
Santo Negro 산토네그로,3515,블렌드,다크,공정무역,-,4,1,5,4
율 디캐프,1477,디카페인,라이트,,"녹차, 홍차, 블랙슈가",2,2,3,1
(배전도: 에스프레소)디카페인 과테말라,3333,디카페인,미디엄다크,공정무역,-,3,3,4,3
라까프 에스프레소 블렌드,3161,블렌드,미디엄다크,공정무역,-,4,3,4,3
브라질 리마오호사,4776,싱글오리진,라이트,,-,3,2,3,1
버밀리온 헤오 블렌딩,3902,블렌드,미디엄다크,,-,4,1,4,3
시티섬머블루스 시즈널블랜드,3930,블렌드,라이트미디엄,,-,3,4,5,1
콜롬비아 살피콘 게이샤 CM내추럴,3741,싱글오리진,라이트미디엄,,-,3,4,4,2
에티오피아 시다모 문타샤,3643,싱글오리진,라이트미디엄,,-,3,3,5,1
콜롬비아 라 레세르바 카투라 치로소,4334,싱글오리진,미디엄,,-,3,3,4,3
블랙가이 블랜드,3025,블렌드,미디엄,,-,5,1,5,2
에티오피아 예가체프 아리차 G1 워시드,3590,싱글오리진,라이트,,-,3,4,4,1
케냐 AA TOP 키린야가 카리아,3591,싱글오리진,미디엄,,-,3,3,4,2
보니타 블렌딩,4697,블렌드,미디엄다크,,-,3,1,3,1
모리 케피어 로부스타 TR4,3801,싱글오리진,미디엄,직접무역,-,4,1,4,2
케냐 뚱구리 AA TOP 워시드,3145,싱글오리진,미디엄,,-,4,3,4,2
콜롬비아 비야라조 민트,3737,싱글오리진,라이트미디엄,,-,3,3,3,2
W 블렌드,1343,블렌드,다크,,"다크 초콜릿, 카카오닙스",5,1,2,4
보이져,13,블렌드,미디엄,,"과일, 꽃향기",3,4,4,2
올드타운,291,블렌드,미디엄,,"오렌지, 카라멜, 초콜릿",3,3,4,2
보난자 블렌드,1502,블렌드,미디엄,공정무역,"흑설탕, 다트 초콜릿, 초콜릿 트러플, 블랙 체리",2,3,4,2
이태리스페셜,1110,블렌드,다크,,"로스티넛트, 풀바디, 다크초콜렛",5,1,4,4
M1,3506,블렌드,미디엄,,-,3,3,4,3
브릴리,204,싱글오리진,미디엄다크,직접무역,"바닐라, 피스타치오, 크림브륄레, 밀크초콜릿",4,1,5,3
캄블렌드,4220,블렌드,미디엄다크,,-,4,1,4,3
콜롬비아 엘 카르멘 디카프,1505,디카페인,미디엄다크,공정무역,"꿀, 배, 자두",4,1,5,2
초코퍼지 블렌딩 커피,3197,블렌드,다크,,-,4,1,4,3
마리모,193,블렌드,다크,,"다크 초콜릿, 블랙 슈가",4,1,4,3
그레이무드 블랜드,3355,블렌드,미디엄다크,,-,4,1,5,1
와이칸,3446,싱글오리진,미디엄다크,직접무역,-,3,4,5,3
인디언 헤드,1046,블렌드,다크,,"다크 초콜릿, 월넛, 브라운 슈거, 스윗니스",4,1,4,3
웡카 블렌드,3010,블렌드,다크,,-,5,1,5,4
"DEEP, DEEPLY 딥 딥플리",4717,블렌드,미디엄다크,,-,4,2,5,2
밝은 블렌드,3018,블렌드,라이트미디엄,,-,3,4,4,1
콜롬비아 수프리모 SW 디카프,1083,디카페인,미디엄,,"비스킷, 너트, 오렌지",2,2,3,2
케냐 뚱구리 AA 워시드,3840,싱글오리진,미디엄,,-,3,4,3,1
발렌타인 플러스,1025,블렌드,미디엄다크,,"다크초콜릿, 오크, 감귤, 카라멜",5,2,3,2
과테말라 아구아 티비아 게이샤 워시드,4817,싱글오리진,라이트,,-,3,3,5,1
Blend N.4,72,블렌드,다크,,"구운 견과류, 브라운 슈가, 카라멜",4,1,4,3
닻별,3609,블렌드,다크,유기농,-,4,2,4,4
조바티 스페셜 블렌드,3912,블렌드,라이트미디엄,,-,3,4,3,1
