,타입,로스팅 포인트,지속가능성,컵 노트,바디감,신맛,단맛,쓴맛
과테말라 디카페인,디카페인,미디엄다크,,-,4,1,3,2
브라질 디카페인,디카페인,미디엄다크,,-,3,1,4,3
77도 블렌드,블렌드,미디엄다크,,"<selenium.webdriver.remote.webelement.WebElement (session=""586a1cce431001095a44d9f7c35facd9"", element=""0F4A1C11870A07D4F0E1F9FF64BFE4FA_element_289"")>",4,1,4,3
밤의 유영,디카페인,미디엄다크,,-,3,2,3,3
올굳 블렌드,블렌드,미디엄,,-,3,3,4,3
Campfire (캠프파이어),블렌드,미디엄다크,,-,5,1,4,3
데일리스윗,블렌드,미디엄다크,,"<selenium.webdriver.remote.webelement.WebElement (session=""586a1cce431001095a44d9f7c35facd9"", element=""91325B5DD0D11DD81076625D0B8494DA_element_643"")>",4,2,4,3
멜로브라운,블렌드,미디엄,,-,2,2,4,1
스모키쿼츠 블렌드,블렌드,미디엄다크,,-,4,1,3,3
백야 블렌드,블렌드,미디엄다크,,"<selenium.webdriver.remote.webelement.WebElement (session=""586a1cce431001095a44d9f7c35facd9"", element=""32C37E248394118DF24E3E7A90E2AD72_element_953"")>",3,4,4,2
에티오피아 아리차 스페셜 G1 내추럴,싱글오리진,라이트,직접무역,"<selenium.webdriver.remote.webelement.WebElement (session=""586a1cce431001095a44d9f7c35facd9"", element=""AE34B9D107C8AF3E81283C0B3BA25917_element_1065"")>",3,4,4,1
BACS 더스크 블렌드,블렌드,다크,,-,4,1,3,2
디카페인 스프링 블렌드,디카페인,미디엄,,-,3,4,3,2
에티오피아 예가체프G1 아리차 내추럴,싱글오리진,라이트,,-,3,5,5,2
과테말라 SHB SW 디카프,디카페인,미디엄,,"<selenium.webdriver.remote.webelement.WebElement (session=""586a1cce431001095a44d9f7c35facd9"", element=""B59DBABD03B5429047AE2268D04C9F98_element_1453"")>",3,2,3,3
스윗탱고,블렌드,다크,,-,5,1,5,4
디카페인 과테말라 SHB 싱글오리진,디카페인,미디엄다크,,-,3,3,3,3
뛰뛰빵빵,블렌드,미디엄,,-,3,2,5,2
케냐 가탕가리리 AA,싱글오리진,라이트,,-,4,4,5,1
콜롬비아 슈가케인 디카페인,디카페인,다크,,-,4,1,4,3
디카페인,디카페인,미디엄다크,공정무역,-,4,1,5,4
램블 블렌드,블렌드,라이트미디엄,,"<selenium.webdriver.remote.webelement.WebElement (session=""586a1cce431001095a44d9f7c35facd9"", element=""5D0017B3380209BC5BCE0E7E0A15C93B_element_2106"")>",2,4,4,2
윈터 블렌드,블렌드,미디엄다크,,-,4,1,3,4
Classic Blend,블렌드,미디엄다크,직접무역,"<selenium.webdriver.remote.webelement.WebElement (session=""586a1cce431001095a44d9f7c35facd9"", element=""2541D818EE10139722CADF4EEEED3D88_element_2313"")>",4,2,5,3
얼반아이트 블렌드,블렌드,다크,,-,5,1,5,3
젠틀레인,블렌드,미디엄다크,직접무역,"<selenium.webdriver.remote.webelement.WebElement (session=""586a1cce431001095a44d9f7c35facd9"", element=""41F420C7CF9661526C9EB123AB523A17_element_2525"")>",4,2,5,3
골든에라,블렌드,미디엄다크,,"<selenium.webdriver.remote.webelement.WebElement (session=""586a1cce431001095a44d9f7c35facd9"", element=""06CE3D9B0F6354E9D18FECDCDD377DD2_element_2616"")>",4,2,5,3
메이데이,블렌드,미디엄다크,,"<selenium.webdriver.remote.webelement.WebElement (session=""586a1cce431001095a44d9f7c35facd9"", element=""C0B4E3EEAFD142E2907216C1E008F61B_element_2704"")>",3,4,5,1
포세이돈 블렌딩,블렌드,미디엄다크,,-,4,1,3,4
F 블렌드,블렌드,미디엄다크,,"<selenium.webdriver.remote.webelement.WebElement (session=""586a1cce431001095a44d9f7c35facd9"", element=""DC08DF43780C4BB2D8B3E3274515B0C2_element_2895"")>",4,2,4,4
콜롬비아 싱글오리진 디카페인,디카페인,미디엄다크,,"<selenium.webdriver.remote.webelement.WebElement (session=""586a1cce431001095a44d9f7c35facd9"", element=""6C6252DEA6D21C36B8526E5AA953AED2_element_2997"")>",3,3,4,3
케냐AA 디카페인,디카페인,미디엄다크,,-,4,4,4,3
다크 아이보리 블렌드,블렌드,다크,,"<selenium.webdriver.remote.webelement.WebElement (session=""586a1cce431001095a44d9f7c35facd9"", element=""E8720221351A6E105B734F08018628F1_element_3206"")>",5,1,4,2
콜롬비아 디카페인,디카페인,미디엄다크,,"<selenium.webdriver.remote.webelement.WebElement (session=""586a1cce431001095a44d9f7c35facd9"", element=""C739DE5206B6A65E4370B5A28C80304F_element_44481"")>",4,2,4,3
에티오피아 카욘 마운틴 내추럴,싱글오리진,라이트미디엄,,-,3,4,3,1
Blend N.3,블렌드,미디엄,,"<selenium.webdriver.remote.webelement.WebElement (session=""586a1cce431001095a44d9f7c35facd9"", element=""BD0F252EED25054893CB80E45DE8897C_element_3500"")>",3,3,3,2
카넬리안 블렌드,블렌드,미디엄다크,,-,3,2,4,4
오닉스 블렌드,블렌드,미디엄다크,,-,4,2,4,4
에티오피아 하루수케,싱글오리진,라이트,,-,1,4,4,1
핸디엄 밸런스 원두 다크 5kg,블렌드,다크,,-,5,1,4,4
1st WAVE : Supply,블렌드,다크,공정무역,"<selenium.webdriver.remote.webelement.WebElement (session=""586a1cce431001095a44d9f7c35facd9"", element=""A894CC3B212C66AA9E37E51DA9DA2E0D_element_3998"")>",4,1,3,4
노블레스 블렌딩,블렌드,미디엄다크,,-,3,4,4,1
클래식 실버 블렌드,블렌드,미디엄,,-,3,2,4,3
오버타임,블렌드,미디엄다크,,"<selenium.webdriver.remote.webelement.WebElement (session=""586a1cce431001095a44d9f7c35facd9"", element=""591375ABCD489517B3E6C7FF8606FABF_element_4294"")>",5,1,5,1
디카페인 콜롬비아,디카페인,다크,직접무역,-,4,3,4,3
콜롬비아 메사 알타,싱글오리진,미디엄다크,,-,4,3,4,3
웨이브온 컴페티션 블랜드,블렌드,다크,,-,5,1,3,4
그레이 포레스트,블렌드,미디엄다크,유기농,-,4,2,4,2
다크 클로,블렌드,다크,공정무역,-,5,1,4,4
에티오피아 G2 시다모 SW 디카프,디카페인,미디엄,,"<selenium.webdriver.remote.webelement.WebElement (session=""586a1cce431001095a44d9f7c35facd9"", element=""7B526A6E1D541F002A9DCF313CB362C3_element_5066"")>",2,3,3,2
시즈널 블렌드 '가을',블렌드,미디엄,공정무역,-,4,2,4,2
디카페인 블렌드,디카페인,다크,직접무역,"<selenium.webdriver.remote.webelement.WebElement (session=""586a1cce431001095a44d9f7c35facd9"", element=""3154B3A8FE16956C0228FEAC4991C5F1_element_45792"")>",4,1,3,4
애비뉴 블렌딩,블렌드,미디엄다크,,-,4,2,4,3
에티오피아 구지 우라가,싱글오리진,미디엄,직접무역,"<selenium.webdriver.remote.webelement.WebElement (session=""586a1cce431001095a44d9f7c35facd9"", element=""BED06C620926ED356F9406920323FE61_element_5477"")>",2,3,2,1
에티오피아 리무 볼렌소,싱글오리진,미디엄다크,,"<selenium.webdriver.remote.webelement.WebElement (session=""586a1cce431001095a44d9f7c35facd9"", element=""B0B3B3DAF23D72333CCFE4EFD9E01715_element_5573"")>",5,3,5,1
글램 앤 모어,블렌드,라이트미디엄,,"<selenium.webdriver.remote.webelement.WebElement (session=""586a1cce431001095a44d9f7c35facd9"", element=""FDFDA716A74E2AFD0BCCE388CDBAD602_element_5665"")>",3,4,3,1
르네테르 블렌드,블렌드,미디엄,,"<selenium.webdriver.remote.webelement.WebElement (session=""586a1cce431001095a44d9f7c35facd9"", element=""EE797E8AEA8CA5C91A3A477DDAF701DB_element_5778"")>",3,2,4,1
젠틀레인 디카페인,디카페인,미디엄다크,,-,4,2,4,3
시그니처 화이트,블렌드,미디엄,직접무역,-,2,3,4,2
핸디엄 밸런스 원두 스윗 5kg,블렌드,미디엄다크,,-,4,2,4,3
코스타리카 라 몬타나 데 라 쿰브레 화이트허니,싱글오리진,라이트미디엄,,-,3,4,4,2
Harum 블렌딩,블렌드,미디엄,유기농,-,3,4,4,2
콜롬비아 라 카바나 게이샤 애너러빅 내추럴,싱글오리진,미디엄,,-,2,3,4,3
바흐 Bach,블렌드,미디엄,,-,3,3,3,1
볼드 블렌드,블렌드,미디엄다크,,-,4,2,4,3
콜롬비아 핀카 라 에스메랄다 아나에어로빅 허니,싱글오리진,미디엄,,-,3,4,4,2
테디베어 블랜드,블렌드,미디엄,,-,4,2,5,2
스타가이 블랜드,블렌드,미디엄,,-,3,4,5,3
댐 굳 블렌드,블렌드,다크,,-,5,1,4,4
케냐 AA TOP 키안두 스페셜티 풀리워시드,싱글오리진,미디엄,,-,3,4,4,2
블렌드 C,블렌드,미디엄다크,,-,3,3,4,2
"LIGHT,LIGHTER 에티오피아 하마쇼 내추럴",싱글오리진,라이트,,-,4,3,5,1
고독,블렌드,미디엄다크,공정무역,-,5,1,4,3
나폴리,블렌드,미디엄,,"<selenium.webdriver.remote.webelement.WebElement (session=""586a1cce431001095a44d9f7c35facd9"", element=""A12DAF6923D6C8D43984D2F867E9DF62_element_7469"")>",4,4,5,2
올드스쿨(Old School),블렌드,다크,,-,4,2,5,3
브레가 블렌딩,블렌드,미디엄다크,,-,4,2,4,2
블랙 앤 모어,블렌드,다크,,"<selenium.webdriver.remote.webelement.WebElement (session=""586a1cce431001095a44d9f7c35facd9"", element=""D65FC63A1C49779FA6B85E3A83A0DE2F_element_7736"")>",5,1,4,2
다크로스팅 에티오피아 웨스트 아라시 넨세보 만도예 워시드,싱글오리진,미디엄다크,,-,3,3,4,2
에티오피아 예가체프 아리차 에이미 G1 내츄럴,싱글오리진,라이트미디엄,,-,3,4,4,1
D3,블렌드,다크,,-,4,1,3,4
노 피어,블렌드,다크,,-,4,1,4,4
코스타리카 핀카 마초 워시드,싱글오리진,미디엄,,-,3,3,4,1
스윗가이 블랜드,블렌드,미디엄,,-,3,4,4,3
꼬수운돌솥밥 블렌딩,블렌드,미디엄다크,,-,4,1,5,5
레드써클 블렌드,블렌드,미디엄,,-,3,4,4,2
풍요로운 땅,블렌드,다크,직접무역,"<selenium.webdriver.remote.webelement.WebElement (session=""586a1cce431001095a44d9f7c35facd9"", element=""7EF929950481F5F38E99AF8491CE10A0_element_8581"")>",4,3,4,4
콜롬비아 수프리모,싱글오리진,미디엄다크,,-,3,3,3,1
아침 블랜드,블렌드,다크,,-,5,1,4,4
블렌드 애플 레드,블렌드,라이트미디엄,,-,2,4,5,2
44도 블렌드,블렌드,다크,,"<selenium.webdriver.remote.webelement.WebElement (session=""586a1cce431001095a44d9f7c35facd9"", element=""5FFACB2B4A46CBAA1892112D7CA647EE_element_8934"")>",4,1,4,3
클래식 에스프레소,블렌드,다크,,"<selenium.webdriver.remote.webelement.WebElement (session=""586a1cce431001095a44d9f7c35facd9"", element=""4C61855336CF28F78F48DF3A5FEEE345_element_9019"")>",5,1,4,3
과테말라 안티구아 파노라마 SHB EP 풀리워시드,싱글오리진,미디엄,,-,3,2,4,3
브라질 세라도 디카페인,디카페인,미디엄다크,,-,4,2,4,3
딥 밸런스,블렌드,미디엄,유기농,"<selenium.webdriver.remote.webelement.WebElement (session=""586a1cce431001095a44d9f7c35facd9"", element=""A7CCC8CEE51F3B5AFC20FE21E6391A57_element_9352"")>",4,1,3,4
제우스 블렌딩,블렌드,미디엄,,-,4,2,4,3
어느푸른저녁,블렌드,미디엄,,"<selenium.webdriver.remote.webelement.WebElement (session=""586a1cce431001095a44d9f7c35facd9"", element=""477E21BFCA14AB573B3EA14DCA0A4C2B_element_9516"")>",3,3,4,1
과테말라 산타펠리사 블루제이드,싱글오리진,미디엄,,-,3,2,4,3
G'day Blend (좋은 하루의 시작),블렌드,미디엄다크,,-,4,1,4,4
블랙 블렌드,블렌드,다크,,-,5,3,4,4
디카페인 시그니처 다크 블렌드,디카페인,다크,,-,4,3,4,4
Hammock (해먹),블렌드,미디엄,,-,4,1,4,2
프라이데이,블렌드,미디엄다크,,"<selenium.webdriver.remote.webelement.WebElement (session=""586a1cce431001095a44d9f7c35facd9"", element=""F57739E2CA44C89BB0F83496B7796E8D_element_10208"")>",5,3,4,2
커튼콜,블렌드,미디엄,,-,3,4,4,2
ESPRESSO 3s,블렌드,다크,직접무역,"<selenium.webdriver.remote.webelement.WebElement (session=""586a1cce431001095a44d9f7c35facd9"", element=""FCAF4FB887A28F452674D3B0703C23BD_element_10371"")>",3,3,4,2
브라질 캄포 알레그레,싱글오리진,미디엄,직접무역,"<selenium.webdriver.remote.webelement.WebElement (session=""586a1cce431001095a44d9f7c35facd9"", element=""C465538132026BCBFB3D23916263A83D_element_10475"")>",4,3,4,1
빈야도르 블렌드,블렌드,라이트,,"<selenium.webdriver.remote.webelement.WebElement (session=""586a1cce431001095a44d9f7c35facd9"", element=""84FE69779955C9F1ACB29A6BE9BC3C49_element_10568"")>",2,4,4,1
폴라베어 블랜딩,블렌드,라이트미디엄,,-,4,3,5,2
시그니처 블랜드 타이틀드,블렌드,미디엄,,-,3,3,5,2
콜롬비아 디카페인 한국커피 셀렉션,디카페인,미디엄다크,직접무역,-,3,2,4,2
메리 옐로우,블렌드,라이트미디엄,,-,1,4,4,1
조이가이 블랜드,블렌드,미디엄다크,,-,4,2,5,2
웨이브온 블렌드,블렌드,미디엄다크,직접무역,"<selenium.webdriver.remote.webelement.WebElement (session=""586a1cce431001095a44d9f7c35facd9"", element=""56154413AC819EC73F5F86DD870832EB_element_11152"")>",3,2,3,3
파푸아뉴기니 마라와카 블루마운틴,싱글오리진,미디엄다크,,-,3,3,4,3
에티오피아 시다마 파피초 내추럴,싱글오리진,라이트,,-,2,3,5,1
클래식 골드 블렌드,블렌드,다크,직접무역,-,4,1,4,3
ETNA(에트나),블렌드,미디엄,직접무역,-,3,3,4,2
마이 로맨스,블렌드,미디엄,직접무역,"<selenium.webdriver.remote.webelement.WebElement (session=""586a1cce431001095a44d9f7c35facd9"", element=""4BB8A44F255CEA5FBAA301A27194E9B6_element_11667"")>",3,4,4,2
디카페인 원두 (브라질),디카페인,미디엄다크,,-,4,1,4,4
브라이트,블렌드,라이트미디엄,,"<selenium.webdriver.remote.webelement.WebElement (session=""586a1cce431001095a44d9f7c35facd9"", element=""61D99254B2C197341AE9B294A588D65F_element_11848"")>",2,4,3,1
모카 블렌딩,블렌드,미디엄다크,,-,4,1,3,2
레드 블렌딩 커피,블렌드,미디엄,,-,2,4,3,1
싸우스폴 블렌드,블렌드,미디엄다크,,"<selenium.webdriver.remote.webelement.WebElement (session=""586a1cce431001095a44d9f7c35facd9"", element=""9746DB7BE2C5B94569FE3E0B97DE03CC_element_12135"")>",4,1,4,1
에티오피아 디카페인,디카페인,라이트미디엄,,-,3,4,4,3
브루클린,블렌드,미디엄,,"<selenium.webdriver.remote.webelement.WebElement (session=""586a1cce431001095a44d9f7c35facd9"", element=""51E0DA719603DC6FA97AE34D0E0A4D62_element_12449"")>",3,3,4,1
브라질 I.P 아카이아 내추럴,싱글오리진,미디엄,,-,2,2,4,1
디카페인 올 데이 블렌드,디카페인,다크,,"<selenium.webdriver.remote.webelement.WebElement (session=""586a1cce431001095a44d9f7c35facd9"", element=""4BE01E908868670EF3BEA3AD7E7B76A3_element_12872"")>",5,2,3,4
호수 블렌드,블렌드,다크,,-,5,1,5,2
네이비렄 블렌드,블렌드,미디엄다크,,-,3,2,4,2
와이칸 다크,싱글오리진,다크,직접무역,"<selenium.webdriver.remote.webelement.WebElement (session=""586a1cce431001095a44d9f7c35facd9"", element=""41A339B548E020BD55E80F02587DDD84_element_13162"")>",4,4,5,4
Enak 블렌딩,블렌드,미디엄,유기농,-,4,2,4,3
송버드(Song Bird),블렌드,미디엄,,-,2,4,4,1
인도네시아 만델링 G1 트리플픽,싱글오리진,미디엄다크,,-,4,1,4,4
에티오피아 시다모 G1 봄베 와인 내추럴,싱글오리진,라이트,,-,2,4,4,1
초콜릿 블렌드,블렌드,미디엄다크,,"<selenium.webdriver.remote.webelement.WebElement (session=""586a1cce431001095a44d9f7c35facd9"", element=""86887086C934CC52022CD30230A8F565_element_13666"")>",4,3,4,2
D1,블렌드,미디엄다크,,-,4,2,4,3
Blend Base,블렌드,다크,,-,3,1,2,4
더블 캐스트,블렌드,라이트미디엄,,-,2,4,3,1
커먼센스 블렌드,블렌드,미디엄다크,,-,4,1,3,2
에티오피아 예가체프 G2,싱글오리진,미디엄,,-,2,3,2,1
트로피칼 플라워 게이샤 무산소,싱글오리진,라이트,,-,3,4,4,1
스프링 블렌드,블렌드,미디엄,,-,3,4,3,2
올드타운로드 하우스블랜드,블렌드,다크,,-,4,1,5,4
데일리뷰티 블렌드,블렌드,미디엄,,"<selenium.webdriver.remote.webelement.WebElement (session=""586a1cce431001095a44d9f7c35facd9"", element=""FB7E4422B04547D730BAFDC2FC2DEA42_element_14619"")>",4,2,4,2
시그니처블렌드 S,블렌드,미디엄다크,,-,4,2,5,1
에티오피아 반코 고티티 G1 워시드,싱글오리진,라이트,,-,2,4,3,1
아이올라이트 블렌드,블렌드,미디엄다크,,-,4,2,4,4
하늘에 시그니처 블랜딩,블렌드,라이트미디엄,,"<selenium.webdriver.remote.webelement.WebElement (session=""586a1cce431001095a44d9f7c35facd9"", element=""16BF650AC35912BB44BDCC330D944ADC_element_15021"")>",2,4,4,1
오차드 블렌딩,블렌드,미디엄다크,,-,3,2,4,2
포스트업,블렌드,다크,,"<selenium.webdriver.remote.webelement.WebElement (session=""586a1cce431001095a44d9f7c35facd9"", element=""0816BD84460E1B14EB1593079EE2CF5D_element_15199"")>",5,1,5,1
버터 슬럽 블렌드,블렌드,미디엄다크,,-,4,1,4,2
MAUNA LOA(마우나 로아),블렌드,미디엄다크,직접무역,-,4,2,4,3
불켜진공장 블렌드,블렌드,미디엄다크,,-,4,2,4,2
에티오피아 예가체프 게뎁 단체 첼베사 워시드 G1,싱글오리진,라이트,,-,2,3,3,1
디카프 슬럽,디카페인,미디엄,,-,3,3,4,1
카메오 블렌딩,블렌드,미디엄다크,,-,4,1,3,4
몽상스,싱글오리진,미디엄,직접무역,"<selenium.webdriver.remote.webelement.WebElement (session=""586a1cce431001095a44d9f7c35facd9"", element=""A3A43C667996DEC8AB5D3B7F0832ED75_element_15865"")>",5,4,5,3
파나마 코토와 돈케이,싱글오리진,라이트미디엄,직접무역,"<selenium.webdriver.remote.webelement.WebElement (session=""586a1cce431001095a44d9f7c35facd9"", element=""7203EF333542D97BE9D5219B3A6AD950_element_15952"")>",4,4,5,2
아게다 블렌딩,블렌드,라이트미디엄,,-,2,4,4,2
J브라운,블렌드,미디엄,,-,4,1,4,3
디카페인 브라질,디카페인,미디엄다크,공정무역,-,4,2,3,2
문래 블렌드,블렌드,미디엄다크,,"<selenium.webdriver.remote.webelement.WebElement (session=""586a1cce431001095a44d9f7c35facd9"", element=""DD254554DADC0236ECA878B06E8EE969_element_16326"")>",5,1,5,4
에티오피아 딤투 테로 내츄럴,싱글오리진,라이트,,-,3,3,4,1
아프로디테 블렌딩,블렌드,라이트미디엄,,-,2,3,4,2
세피아 블렌딩,블렌드,미디엄다크,,-,4,1,4,4
브라우니 블렌드,블렌드,미디엄다크,,"<selenium.webdriver.remote.webelement.WebElement (session=""586a1cce431001095a44d9f7c35facd9"", element=""0EE1F5EEB4380310E0F296AFEAF3DD17_element_16707"")>",4,1,4,2
기디 블렌드,블렌드,라이트미디엄,,-,2,4,4,1
브라질 핀할 카티구아,싱글오리진,라이트,,-,3,5,4,1
시그니처블렌드 D,블렌드,미디엄다크,,-,5,1,5,1
알렉세이션,블렌드,미디엄,,-,3,3,4,1
블렌드 슈퍼 노멀,블렌드,미디엄다크,,"<selenium.webdriver.remote.webelement.WebElement (session=""586a1cce431001095a44d9f7c35facd9"", element=""AEF87B2FCF6A681D92CCCBF35BD45613_element_17167"")>",4,2,5,3
브라운 블렌딩 커피,블렌드,미디엄다크,,"<selenium.webdriver.remote.webelement.WebElement (session=""586a1cce431001095a44d9f7c35facd9"", element=""E5A3DFF81912A2BD4CAED0D00041715D_element_17270"")>",5,1,5,3
브라질 세하도 NY2,싱글오리진,미디엄다크,,-,3,1,3,3
돌담in애월,블렌드,미디엄다크,,"<selenium.webdriver.remote.webelement.WebElement (session=""586a1cce431001095a44d9f7c35facd9"", element=""02A62048C38796A4F9087DE836655D11_element_17480"")>",5,2,5,3
아이보리 블렌드,블렌드,미디엄다크,,"<selenium.webdriver.remote.webelement.WebElement (session=""586a1cce431001095a44d9f7c35facd9"", element=""EEBDED9ADEF497EFDD1DE53FCC043B94_element_17584"")>",4,3,4,2
엘리 크릭,블렌드,미디엄다크,직접무역,"<selenium.webdriver.remote.webelement.WebElement (session=""586a1cce431001095a44d9f7c35facd9"", element=""A8F0022354487FE7425D3F0BA3BEB0C6_element_17690"")>",3,3,2,4
콜롬비아 디에고 베르가라 자바 이스트 무산소발효 워시드,싱글오리진,라이트미디엄,직접무역,-,3,4,4,2
하이로 디카프리오,디카페인,미디엄,직접무역,-,3,4,4,2
블랙수트 블랜드,블렌드,미디엄,,-,3,2,3,1
데일리블렌드,블렌드,미디엄다크,공정무역,-,4,1,5,3
콜롬비아 라 레오나 만다린,싱글오리진,라이트미디엄,,-,3,4,4,1
꼬소한쌀밥 블렌딩,블렌드,다크,,-,4,1,5,5
이븐 블렌드,블렌드,미디엄다크,,"<selenium.webdriver.remote.webelement.WebElement (session=""586a1cce431001095a44d9f7c35facd9"", element=""2347E7C58D223D819B4F5E098079200C_element_18356"")>",4,1,3,3
케냐 야라 AB TOP,싱글오리진,라이트,,-,1,4,4,1
블랙렄 블렌드,블렌드,다크,,-,4,1,4,2
콜롬비아 모틸론,싱글오리진,미디엄다크,,-,4,2,4,1
레이크 맥켄지,블렌드,미디엄,공정무역,"<selenium.webdriver.remote.webelement.WebElement (session=""586a1cce431001095a44d9f7c35facd9"", element=""5F20100A3640942B3BCCBF488DFB2F53_element_18744"")>",3,3,3,2
블랙 스트림 4kg,블렌드,미디엄다크,,-,5,1,4,3
모노그램(Mono Gram),블렌드,미디엄다크,,-,3,3,5,2
프렌치,블렌드,다크,직접무역,"<selenium.webdriver.remote.webelement.WebElement (session=""586a1cce431001095a44d9f7c35facd9"", element=""AC6207F1CD468AD602A8D048B6433E18_element_19020"")>",5,1,4,4
에티오피아 케라모 G1 워시드,싱글오리진,미디엄,,-,2,3,3,1
ESPRESSO DECAF(디카페인),디카페인,다크,직접무역,-,4,2,2,3
과테말라 안티구아 SHB,싱글오리진,미디엄다크,,-,3,1,3,1
오렌지 슈가 블렌드,블렌드,미디엄,,-,3,4,4,2
상큼한초밥 블렌딩,블렌드,미디엄다크,,"<selenium.webdriver.remote.webelement.WebElement (session=""586a1cce431001095a44d9f7c35facd9"", element=""755BB11326AA0D16CE0B6A57C026C362_element_19474"")>",3,3,3,2
CLASSIC BLEND,블렌드,다크,직접무역,"<selenium.webdriver.remote.webelement.WebElement (session=""586a1cce431001095a44d9f7c35facd9"", element=""FD3A977A546F262EE148D8FF9B6B96E1_element_19557"")>",3,3,4,2
디카페인 에티오피아 예가체프 콩가 내추럴,디카페인,미디엄,유기농,-,3,4,5,3
브라질 파젠다 산타루시아 펄프드내추럴,싱글오리진,라이트미디엄,,-,3,3,3,3
더 블랙,블렌드,다크,직접무역,-,5,1,3,4
과테말라 SHB 마운틴워터 디카페인,디카페인,미디엄다크,,-,3,3,4,3
BACS 다크 블렌드,블렌드,다크,,"<selenium.webdriver.remote.webelement.WebElement (session=""586a1cce431001095a44d9f7c35facd9"", element=""B8C888D6EE60B24BC7E186ADAD23A7C2_element_20037"")>",4,2,3,1
오아시스 블렌드,블렌드,미디엄,,-,3,3,5,1
시그니처블렌드 A,블렌드,미디엄다크,,-,5,1,5,1
케냐 뚱구리 AA,싱글오리진,라이트,,-,3,4,4,1
핀카 엘피날 린다 비스타 게이샤,싱글오리진,라이트,,-,3,4,4,1
DCW 블렌드,디카페인,미디엄,,"<selenium.webdriver.remote.webelement.WebElement (session=""586a1cce431001095a44d9f7c35facd9"", element=""CB4194930B6D45441CC94F1DD1BD8564_element_20525"")>",2,2,3,2
써니비치,블렌드,라이트미디엄,,-,2,4,4,1
타이거릴리,디카페인,라이트미디엄,직접무역,-,3,3,4,2
화사한 빈도,블렌드,라이트미디엄,,-,3,3,4,3
디카페인 에티오피아 예가체프 워카 내추럴 스위스 워터,디카페인,다크,,"<selenium.webdriver.remote.webelement.WebElement (session=""586a1cce431001095a44d9f7c35facd9"", element=""6027DAE45674DE88358D3DB665190B6C_element_20845"")>",4,2,4,3
302 블렌드,블렌드,미디엄다크,유기농,-,4,3,5,2
콜롬비아 엘 카르멘 워시드,싱글오리진,미디엄,공정무역,"<selenium.webdriver.remote.webelement.WebElement (session=""586a1cce431001095a44d9f7c35facd9"", element=""D59F2E9CDBC50CBF49EA7B7F90A8DDFC_element_21012"")>",4,2,5,2
도화 블렌드,블렌드,미디엄,,"<selenium.webdriver.remote.webelement.WebElement (session=""586a1cce431001095a44d9f7c35facd9"", element=""AAFE33D2369C5DDE7AACD245BD8BA23E_element_21093"")>",4,3,4,3
Winter 블렌딩,블렌드,미디엄다크,유기농,-,5,1,4,3
세븐레이크,블렌드,미디엄,,-,3,3,4,3
디카페인 블렌딩,디카페인,미디엄다크,,-,4,3,4,2
브라질 옐로우버번 MWP 디카페인원두,디카페인,미디엄다크,,-,3,2,5,3
위WE,블렌드,미디엄,직접무역,"<selenium.webdriver.remote.webelement.WebElement (session=""586a1cce431001095a44d9f7c35facd9"", element=""36CCEA7363A11BFF3E5F61A19FAF40D1_element_21525"")>",3,4,5,2
카펜터,블렌드,미디엄다크,,"<selenium.webdriver.remote.webelement.WebElement (session=""586a1cce431001095a44d9f7c35facd9"", element=""EFB09A03324702B25DF0F76A7C6FCCEE_element_21610"")>",3,3,4,3
레드베릴 블렌드,블렌드,미디엄,,-,2,4,4,2
캠프파이어 블렌드,블렌드,미디엄,,-,3,3,3,3
에티오피아 코케 허니 예가체프 G1,싱글오리진,미디엄다크,,"<selenium.webdriver.remote.webelement.WebElement (session=""586a1cce431001095a44d9f7c35facd9"", element=""AE413BDCB652DB20C6D0DA6395B8CF60_element_21903"")>",3,4,5,1
올드네이버,블렌드,다크,,-,5,1,4,4
과테말라 디카페인 마운틴워터 프로세스,디카페인,미디엄다크,,"<selenium.webdriver.remote.webelement.WebElement (session=""586a1cce431001095a44d9f7c35facd9"", element=""EB8CE82A3B8A9023103F7A1AD6290C43_element_22192"")>",4,3,4,2
R 블렌드,블렌드,미디엄,,"<selenium.webdriver.remote.webelement.WebElement (session=""586a1cce431001095a44d9f7c35facd9"", element=""2627EED558AAA9FFBECE76151CC725E0_element_22296"")>",3,3,3,2
디카페인 블렌드 위켄드,디카페인,미디엄다크,,-,4,1,4,3
COLOMBIA TAMARA(콜롬비아 타마라),싱글오리진,미디엄,직접무역,-,4,3,3,3
카라멜 슬럽 블렌드,블렌드,미디엄,,"<selenium.webdriver.remote.webelement.WebElement (session=""586a1cce431001095a44d9f7c35facd9"", element=""9123B1A37536537CA19F62B5397D8476_element_22586"")>",3,2,4,2
로엄버 블렌딩,블렌드,미디엄,,-,3,2,3,3
아이에스오 백,블렌드,다크,,-,4,1,3,3
조바티 디카페인 블렌드,디카페인,미디엄다크,직접무역,-,3,3,3,2
과테말라 산로렌조 엘쿠로 블랙허니,싱글오리진,라이트미디엄,,-,3,3,3,3
시즈널 블렌드 '여름',블렌드,라이트,공정무역,-,3,4,4,2
디카페인 고소한 빈도,디카페인,미디엄,,-,3,2,4,3
율 디캐프 다크,디카페인,다크,,"<selenium.webdriver.remote.webelement.WebElement (session=""586a1cce431001095a44d9f7c35facd9"", element=""ADE80FDE30AE558071F8D596AA1386F4_element_23253"")>",3,1,4,2
엘 살바도르 라 시베리아 레드버번 워시드,싱글오리진,라이트,,-,3,3,5,2
콜린,블렌드,미디엄다크,공정무역,"<selenium.webdriver.remote.webelement.WebElement (session=""586a1cce431001095a44d9f7c35facd9"", element=""0545B0495E9B1EA51E04DF682014BC30_element_23451"")>",4,2,4,1
썸즈업 블렌드,블렌드,미디엄다크,,"<selenium.webdriver.remote.webelement.WebElement (session=""586a1cce431001095a44d9f7c35facd9"", element=""0B78EE5CFA7094E693EFCBC680D9BC93_element_23554"")>",4,1,3,2
네이비렄다크 블렌드,블렌드,다크,,-,4,1,4,2
모노톤,블렌드,미디엄다크,,"<selenium.webdriver.remote.webelement.WebElement (session=""586a1cce431001095a44d9f7c35facd9"", element=""E507BF710ADFCCA75E002B88C927CCF1_element_23747"")>",4,1,4,4
몬스테라,블렌드,미디엄,,"<selenium.webdriver.remote.webelement.WebElement (session=""586a1cce431001095a44d9f7c35facd9"", element=""56892436ED34D59265D612021736BFA3_element_23841"")>",3,4,4,1
반달 베어 블랜딩,블렌드,미디엄다크,,-,5,1,5,3
릴렉스 블렌드,블렌드,미디엄,,-,4,1,5,2
인도네시아 만델링 G1,싱글오리진,다크,공정무역,-,4,3,3,4
길들인다,블렌드,미디엄다크,공정무역,-,4,1,3,1
카프리,디카페인,미디엄다크,,-,4,1,4,3
Decaffeinated Blend,디카페인,미디엄,,"<selenium.webdriver.remote.webelement.WebElement (session=""586a1cce431001095a44d9f7c35facd9"", element=""2FAA5FAB3681DE57C55477A1FD9D4BBC_element_24402"")>",4,3,3,2
과테말라 스위스 디카페인,디카페인,미디엄다크,,-,3,3,3,1
케냐 키린야가 캄완기 AA TOP,싱글오리진,라이트,,"<selenium.webdriver.remote.webelement.WebElement (session=""586a1cce431001095a44d9f7c35facd9"", element=""AEB775A27B43F3BCA961CF2EC04CA12E_element_24705"")>",2,3,5,1
바다뷰 디카페인,디카페인,미디엄다크,,-,4,3,3,2
아몰렌떼 디카페인 원두 커피,디카페인,미디엄다크,,-,4,2,4,2
콜롬비아 엑셀소 EP 디카페인 마운틴 워터,디카페인,미디엄다크,,"<selenium.webdriver.remote.webelement.WebElement (session=""586a1cce431001095a44d9f7c35facd9"", element=""1DE007D9E39B4D47F7E6F5E2A132A968_element_24983"")>",3,1,3,2
일상 블렌드 A (아메리카노),블렌드,미디엄,,-,4,3,5,3
에티오피아 워르카 우리 워시드,싱글오리진,라이트,,-,3,3,4,1
다크초코 블렌딩,블렌드,미디엄다크,,"<selenium.webdriver.remote.webelement.WebElement (session=""586a1cce431001095a44d9f7c35facd9"", element=""91A5D26223566FB2A81CD0F185E875D2_element_25257"")>",4,3,4,2
이탈리안잡 블렌드,블렌드,미디엄다크,,"<selenium.webdriver.remote.webelement.WebElement (session=""586a1cce431001095a44d9f7c35facd9"", element=""367253D4B7670115446602E95E53A0EC_element_25439"")>",4,2,4,4
봄의 제전,블렌드,미디엄,직접무역,"<selenium.webdriver.remote.webelement.WebElement (session=""586a1cce431001095a44d9f7c35facd9"", element=""F76BBA3B247D14961D3063D8FF0C3A6F_element_25541"")>",5,4,5,2
노네임블렌드,블렌드,미디엄다크,,"<selenium.webdriver.remote.webelement.WebElement (session=""586a1cce431001095a44d9f7c35facd9"", element=""E582CA0A69B9AECE48D128A980D81AF2_element_25632"")>",3,2,4,3
그레이 블렌드,블렌드,미디엄다크,,-,4,2,3,2
필베러,블렌드,미디엄,,"<selenium.webdriver.remote.webelement.WebElement (session=""586a1cce431001095a44d9f7c35facd9"", element=""B516DEB6D28C4FD0406BD1A0DF220D6C_element_25801"")>",3,3,4,1
아이리스,블렌드,라이트미디엄,,"<selenium.webdriver.remote.webelement.WebElement (session=""586a1cce431001095a44d9f7c35facd9"", element=""F82C45CC01F9E6BA83635133E647C71F_element_25878"")>",2,4,4,2
헬로 다크니스,블렌드,다크,,-,5,1,4,4
다크우드,블렌드,다크,직접무역,"<selenium.webdriver.remote.webelement.WebElement (session=""586a1cce431001095a44d9f7c35facd9"", element=""3BC96EFFD7E0EAA5F22FC66E3B165F5D_element_26070"")>",4,3,5,3
에티오피아 예가체프 첼베사 워시드,싱글오리진,미디엄,,-,3,4,4,2
프레쉬 블렌드,블렌드,라이트미디엄,,-,3,4,4,1
카페5060,블렌드,미디엄다크,공정무역,-,3,1,3,3
부릉부릉,블렌드,라이트미디엄,,-,3,4,4,1
아이스브레이커,블렌드,미디엄,,"<selenium.webdriver.remote.webelement.WebElement (session=""586a1cce431001095a44d9f7c35facd9"", element=""8F5EACF8E970CD4C80405914C1FB76CC_element_26506"")>",4,4,5,1
콜롬비아 E.A 디카페인,디카페인,미디엄다크,,"<selenium.webdriver.remote.webelement.WebElement (session=""586a1cce431001095a44d9f7c35facd9"", element=""C21F12564AE1D68352B92D30CA72FF42_element_26582"")>",4,2,4,3
2nd WAVE : Customizing,블렌드,미디엄다크,공정무역,"<selenium.webdriver.remote.webelement.WebElement (session=""586a1cce431001095a44d9f7c35facd9"", element=""40D6DDB25421FF77887B189CE77CEDB6_element_26681"")>",4,3,4,2
딥씨 블렌드,블렌드,미디엄,,"<selenium.webdriver.remote.webelement.WebElement (session=""586a1cce431001095a44d9f7c35facd9"", element=""ED77778F08427745609F9E27C210556C_element_26767"")>",3,3,4,3
조바티 클래식 블렌드,블렌드,미디엄다크,직접무역,-,4,2,3,3
시에나,블렌드,미디엄다크,,-,5,1,5,2
다크 브라운,블렌드,다크,,-,5,1,5,4
코스타리카 따라주,싱글오리진,미디엄다크,공정무역,-,3,2,3,3
브라운렄블렌드,블렌드,미디엄다크,,-,4,2,4,2
에티오피아 예가체프 G1 할로 베리티 워시드,싱글오리진,미디엄,,-,2,3,4,2
블랙오르페우스,블렌드,다크,,-,5,1,4,4
파푸아뉴기니 AA 쿠아 블루마운틴 풀리워시드,싱글오리진,미디엄,,-,3,3,4,3
에티오피아 모모라 내추럴 구지 G1,싱글오리진,라이트미디엄,,"<selenium.webdriver.remote.webelement.WebElement (session=""586a1cce431001095a44d9f7c35facd9"", element=""FE6A7F39A307F3E7AF00568F48AA87BD_element_27676"")>",3,4,4,1
블렌드 신월,블렌드,다크,,"<selenium.webdriver.remote.webelement.WebElement (session=""586a1cce431001095a44d9f7c35facd9"", element=""1A501F5C87035B8BD632611C38092AA2_element_27781"")>",5,1,4,4
과테말라 SHB 스위스워터 디카페인,디카페인,미디엄다크,,-,4,2,4,3
시다모 파피초 내추럴,싱글오리진,라이트,,-,3,4,4,1
에티오피아 시다모 워시드 G2,싱글오리진,미디엄다크,,-,3,3,3,1
Seasonal Blend,블렌드,라이트미디엄,직접무역,"<selenium.webdriver.remote.webelement.WebElement (session=""586a1cce431001095a44d9f7c35facd9"", element=""DEE7EB82B47D6C643FCA052E53B0A3DF_element_28173"")>",3,4,4,1
블렌드 너티 퍼플,블렌드,미디엄다크,,-,4,1,4,3
온두라스 COE#10 아구아 둘세 게이샤 워시드,싱글오리진,라이트미디엄,,-,3,4,4,2
비터스윗 라이프 에디션2,블렌드,다크,,"<selenium.webdriver.remote.webelement.WebElement (session=""586a1cce431001095a44d9f7c35facd9"", element=""361A7DDCBA5B272DE1004AD113D863A6_element_28465"")>",5,1,4,4
스칼렛,싱글오리진,미디엄다크,,-,4,2,5,2
케냐 가차타 AA,싱글오리진,라이트미디엄,,-,3,4,4,1
Snokel (스노클),블렌드,라이트미디엄,,-,2,2,4,1
안신단고 블렌딩,블렌드,미디엄다크,,"<selenium.webdriver.remote.webelement.WebElement (session=""586a1cce431001095a44d9f7c35facd9"", element=""2A7F833BAFC74DF3FFACB7BAC5494C51_element_28855"")>",4,3,4,2
펀치,블렌드,다크,,-,3,2,4,2
일랑일랑 블렌드,블렌드,라이트미디엄,,-,3,4,4,1
나탈리,블렌드,미디엄,공정무역,"<selenium.webdriver.remote.webelement.WebElement (session=""586a1cce431001095a44d9f7c35facd9"", element=""5EBEBFAB1BA314E38321251D8BC563D4_element_29144"")>",2,3,5,1
블렌드 B,블렌드,라이트미디엄,,"<selenium.webdriver.remote.webelement.WebElement (session=""586a1cce431001095a44d9f7c35facd9"", element=""BAF83D886C52D3893E6C9C2267014B60_element_29247"")>",3,4,3,2
고소한 빈도,블렌드,미디엄,,-,3,1,5,3
케냐 AA 워시드,싱글오리진,라이트,,"<selenium.webdriver.remote.webelement.WebElement (session=""586a1cce431001095a44d9f7c35facd9"", element=""0983D337DA97752FBF917C819F345B19_element_29434"")>",3,4,4,1
케냐 바링고 워시드 AB,싱글오리진,미디엄,,-,3,3,4,3
다크브릭스 블렌드,블렌드,미디엄다크,,-,5,1,3,4
플레이어,블렌드,미디엄다크,,"<selenium.webdriver.remote.webelement.WebElement (session=""586a1cce431001095a44d9f7c35facd9"", element=""72992F4784248A09A3E4490A14885B04_element_29757"")>",4,2,4,3
에티오피아 G1 콩가,싱글오리진,미디엄,,"<selenium.webdriver.remote.webelement.WebElement (session=""586a1cce431001095a44d9f7c35facd9"", element=""7A311E48DB7BCE81757CC7AD6F826838_element_29875"")>",3,4,3,2
콜롬비아 비야라조 시나몬,싱글오리진,라이트미디엄,,-,3,3,4,3
피크 블렌드,블렌드,미디엄다크,,"<selenium.webdriver.remote.webelement.WebElement (session=""586a1cce431001095a44d9f7c35facd9"", element=""9E94D82303269EE3048C84BC933EF2FE_element_51650"")>",3,2,3,2
에티오피아 예가체프 코체레 G2 워시드,싱글오리진,라이트미디엄,유기농,-,2,4,4,1
리밀 블렌드,블렌드,미디엄다크,,"<selenium.webdriver.remote.webelement.WebElement (session=""586a1cce431001095a44d9f7c35facd9"", element=""3261AC00DDA26E9B2C28A1D821E41B99_element_30244"")>",4,2,4,4
랑케블랙,블렌드,다크,,-,5,1,4,4
하이홉스 시즈널블랜드,블렌드,미디엄,,-,3,3,5,2
휘둥그레블렌드,블렌드,미디엄다크,공정무역,-,4,1,4,3
Classic Plus Blend,블렌드,다크,직접무역,"<selenium.webdriver.remote.webelement.WebElement (session=""586a1cce431001095a44d9f7c35facd9"", element=""C550049F8BFF103A90B5CAB77BA0C08A_element_30638"")>",5,1,5,4
바이올렛 블렌딩 커피,블렌드,미디엄다크,,-,2,2,3,1
삼척블렌드,블렌드,미디엄다크,,-,5,2,4,3
Parachute (패러슈트),블렌드,미디엄,,-,3,2,5,2
마일드 블렌딩,블렌드,미디엄다크,,-,3,2,3,3
고소한쌀밥 블렌딩,블렌드,미디엄다크,,"<selenium.webdriver.remote.webelement.WebElement (session=""586a1cce431001095a44d9f7c35facd9"", element=""9434AFFB19B0420BE747444AA23BC99E_element_31141"")>",3,1,4,2
우리집블렌드,블렌드,미디엄다크,공정무역,-,3,2,4,1
포트리스 블렌드,블렌드,미디엄다크,,-,4,2,4,4
CALLA LILY(칼라 릴리),싱글오리진,미디엄,직접무역,-,3,3,3,2
과테말라 엘 소코로 버본,싱글오리진,라이트,,-,3,4,4,1
클래식 블렌드,블렌드,다크,,-,4,1,4,3
Blend N.1,블렌드,라이트,,"<selenium.webdriver.remote.webelement.WebElement (session=""586a1cce431001095a44d9f7c35facd9"", element=""94CB30DFF0DC39C42DB6B3905D1FED11_element_31728"")>",3,3,5,1
에티오피아 예가체프 할로베리티 G1 워시드,싱글오리진,라이트미디엄,,-,2,4,4,2
마블 디카프,디카페인,미디엄다크,,-,3,2,5,3
콜롬비아 디카페인 에스프레소,디카페인,다크,,"<selenium.webdriver.remote.webelement.WebElement (session=""586a1cce431001095a44d9f7c35facd9"", element=""C30F819FE2E34B38EFDB1C08A761FB28_element_32038"")>",4,1,5,4
Decaf 디카페인,디카페인,미디엄,공정무역,-,4,4,4,2
퍼플렄 블렌드,블렌드,라이트미디엄,,-,3,3,4,1
블렌드 A,블렌드,미디엄다크,,"<selenium.webdriver.remote.webelement.WebElement (session=""586a1cce431001095a44d9f7c35facd9"", element=""94443E6ADCC5797BA59E47408F7008AE_element_32306"")>",4,2,4,3
디카페인 원두,디카페인,미디엄다크,,-,3,1,4,2
아헨 Aachen,블렌드,미디엄다크,,-,4,2,4,1
람블라 블렌딩,블렌드,미디엄다크,,-,3,2,4,2
디카페인 스윗 블라썸 블렌드,디카페인,다크,,-,4,3,4,3
봄 블랜드,블렌드,라이트미디엄,,-,3,4,4,1
디카페인 과테말라 블렌드,디카페인,미디엄다크,,"<selenium.webdriver.remote.webelement.WebElement (session=""586a1cce431001095a44d9f7c35facd9"", element=""492DE6D4A9F5DAA22BA97D4ADB74A418_element_32855"")>",4,3,2,4
과테말라 엘 소코로 산 로렌조 스페셜티,싱글오리진,미디엄다크,,-,4,1,4,2
콜롬비아 디카페인 커피 원두 새벽,디카페인,미디엄다크,공정무역,-,4,2,4,2
버밀리온 블렌딩,블렌드,미디엄,,-,3,2,4,3
과테말라 안티구아 디카페인,디카페인,다크,,"<selenium.webdriver.remote.webelement.WebElement (session=""586a1cce431001095a44d9f7c35facd9"", element=""E36AEC2E783EA5EE15895195703E5825_element_33353"")>",4,1,4,4
짙은 블렌드,블렌드,미디엄다크,,-,4,2,4,3
블루문,디카페인,미디엄다크,,-,4,1,4,2
투게더 블렌드,블렌드,다크,유기농,-,4,1,4,4
다크그린 블렌딩 커피,블렌드,미디엄다크,,-,3,2,3,2
자몽 블렌딩,블렌드,미디엄다크,,"<selenium.webdriver.remote.webelement.WebElement (session=""586a1cce431001095a44d9f7c35facd9"", element=""EBA50989B34F5B834A52E946D7408BF9_element_33818"")>",4,3,4,2
콜롬비아 엘 오브라헤 게이샤 무산소발효 내추럴,싱글오리진,라이트,,-,3,4,4,2
스테이블 블렌드,블렌드,미디엄,,-,3,2,4,1
딥 스모키,블렌드,미디엄다크,유기농,-,5,1,3,5
Avo 블랜드,블렌드,라이트미디엄,,-,2,4,3,2
뉴월드 블렌드,블렌드,미디엄다크,직접무역,-,3,2,3,3
러스트 블렌딩,블렌드,미디엄다크,,-,4,1,4,4
피타 블렌드,블렌드,미디엄다크,직접무역,"<selenium.webdriver.remote.webelement.WebElement (session=""586a1cce431001095a44d9f7c35facd9"", element=""B00B4A14A19F29FD58BA1AD7918A40E4_element_34471"")>",3,3,4,2
옐로우렄블렌드,블렌드,미디엄다크,,-,4,2,4,2
그 해 겨울,블렌드,미디엄,직접무역,"<selenium.webdriver.remote.webelement.WebElement (session=""586a1cce431001095a44d9f7c35facd9"", element=""BB3663FFCEB5B3AEC2FD205777178D7A_element_34644"")>",4,3,5,1
라까프 핀 블렌드,블렌드,다크,공정무역,-,4,1,4,4
BEIGE 블랜드,블렌드,라이트,,"<selenium.webdriver.remote.webelement.WebElement (session=""586a1cce431001095a44d9f7c35facd9"", element=""22A6E1CAED2B9EAA1CCC1BD30AFA451E_element_34805"")>",3,4,5,1
엘 카미노,블렌드,미디엄다크,,"<selenium.webdriver.remote.webelement.WebElement (session=""586a1cce431001095a44d9f7c35facd9"", element=""128B910F7DAD3CFADC3F4E2B84FE8973_element_34895"")>",3,1,4,3
피어투피어,블렌드,미디엄,,"<selenium.webdriver.remote.webelement.WebElement (session=""586a1cce431001095a44d9f7c35facd9"", element=""2A9017994ABCE7EB49099BAED8ED4D76_element_34977"")>",2,3,3,1
에티오피아 예가체프 게이샤 G1 내추럴,싱글오리진,라이트,,-,3,4,4,2
디카페인 과테말라,디카페인,미디엄다크,공정무역,-,3,3,3,2
리허설,블렌드,미디엄다크,,-,3,2,3,2
피치 슬럽 블렌드,블렌드,라이트미디엄,,"<selenium.webdriver.remote.webelement.WebElement (session=""586a1cce431001095a44d9f7c35facd9"", element=""90F2622D91B3565382681E09D9DF1461_element_35369"")>",2,3,4,2
7:01AM 블렌드,블렌드,다크,,-,4,1,4,3
콜롬비아 아마티보 로꼬시리즈 카리베,싱글오리진,미디엄,,-,2,3,5,2
BURUNDI ROYAL BEATS(부룬디 로얄 비츠),싱글오리진,미디엄,직접무역,-,4,3,3,2
오드아이,블렌드,다크,,"<selenium.webdriver.remote.webelement.WebElement (session=""586a1cce431001095a44d9f7c35facd9"", element=""74A88A5F96BC80C8323BF31998EA43E4_element_35751"")>",5,1,5,4
반월 블렌드,블렌드,다크,,-,4,2,5,1
Zero WAVE : Ordinary,블렌드,다크,,"<selenium.webdriver.remote.webelement.WebElement (session=""586a1cce431001095a44d9f7c35facd9"", element=""92D608601D3168913DE49A4210316B36_element_35951"")>",4,1,4,4
디카페인 엘살바도르,디카페인,미디엄다크,공정무역,-,3,2,3,2
BRICK 블랜드,블렌드,미디엄다크,,"<selenium.webdriver.remote.webelement.WebElement (session=""586a1cce431001095a44d9f7c35facd9"", element=""2D4C031A9F9E305052FD07CA8A28F9FD_element_36136"")>",4,1,4,1
인도 블랜드,블렌드,다크,,-,5,1,3,4
BAGUS 블렌딩,블렌드,미디엄다크,유기농,-,5,2,3,4
M블랙,블렌드,다크,,-,5,1,4,3
비터스윗,블렌드,미디엄다크,,-,4,2,3,4
브라질 산타루시아,싱글오리진,미디엄,,-,2,2,4,2
매뉴얼,블렌드,미디엄다크,,-,4,2,4,3
브릭 에스프레소,블렌드,미디엄다크,,"<selenium.webdriver.remote.webelement.WebElement (session=""586a1cce431001095a44d9f7c35facd9"", element=""FC268F56788001A9F0D0302A1757DE38_element_36772"")>",3,2,4,2
에티오피아 예가체프 게이샤,싱글오리진,라이트미디엄,,-,3,4,4,3
허클베리,블렌드,미디엄,,"<selenium.webdriver.remote.webelement.WebElement (session=""586a1cce431001095a44d9f7c35facd9"", element=""52BF75C78E33E084F945E54CE6610D29_element_36972"")>",2,3,4,1
콜롬비아 수프리모 후일라 산 비센테 라 플라타,싱글오리진,미디엄,,-,3,4,3,2
비터스윗 라이프 에디션1,블렌드,미디엄다크,,"<selenium.webdriver.remote.webelement.WebElement (session=""586a1cce431001095a44d9f7c35facd9"", element=""D8E3EEC7A56DDC62908085893E5C8B8A_element_37166"")>",4,2,4,3
어텀 블렌드,블렌드,미디엄,,-,3,2,4,3
인도 마이소르 너겟 엑스트라 볼드,싱글오리진,다크,,-,5,1,5,4
Blend Dark,블렌드,다크,,-,4,1,3,5
Ethiopia Guji G1(에티오피아 구지 G1),싱글오리진,미디엄,직접무역,-,3,3,3,2
공단향 블렌드,블렌드,다크,,"<selenium.webdriver.remote.webelement.WebElement (session=""586a1cce431001095a44d9f7c35facd9"", element=""D13BFA7941DEF01EDFA06F199DFB9944_element_37644"")>",4,2,5,4
스윗 앤 모어,블렌드,미디엄다크,,"<selenium.webdriver.remote.webelement.WebElement (session=""586a1cce431001095a44d9f7c35facd9"", element=""7673EEEF21858B6238706823C003FF49_element_37729"")>",4,2,4,1
헥사 블렌드,블렌드,미디엄다크,,"<selenium.webdriver.remote.webelement.WebElement (session=""586a1cce431001095a44d9f7c35facd9"", element=""8BDC743883C4C9C4685C16C7D70D94C3_element_37823"")>",4,3,3,2
숲,블렌드,미디엄,직접무역,"<selenium.webdriver.remote.webelement.WebElement (session=""586a1cce431001095a44d9f7c35facd9"", element=""3BAE607C7E3D571C8808E596037AADD3_element_37929"")>",4,4,5,1
에티오피아 카욘마운틴 내추럴 구지 G1 스페셜티,싱글오리진,미디엄,공정무역,-,3,3,4,2
미드나잇 블루 (디카페인 원두),디카페인,다크,,-,4,1,4,3
푸짐한알밥 블렌딩,블렌드,미디엄다크,,"<selenium.webdriver.remote.webelement.WebElement (session=""586a1cce431001095a44d9f7c35facd9"", element=""2A1727185EEA8D58432D160B77899411_element_38221"")>",4,1,3,4
디 카페인 블렌드,디카페인,미디엄다크,,-,4,1,4,3
2시 15분,블렌드,미디엄,공정무역,-,3,4,5,1
룰라바이,디카페인,미디엄,,"<selenium.webdriver.remote.webelement.WebElement (session=""586a1cce431001095a44d9f7c35facd9"", element=""84FA8A17EE19EDE954ED4026D2200B97_element_38663"")>",2,3,5,1
오드 블렌드,블렌드,미디엄,,"<selenium.webdriver.remote.webelement.WebElement (session=""586a1cce431001095a44d9f7c35facd9"", element=""57B621DA2BD063AD12B306DDE201ECB0_element_38751"")>",3,3,4,2
비숲,블렌드,다크,직접무역,"<selenium.webdriver.remote.webelement.WebElement (session=""586a1cce431001095a44d9f7c35facd9"", element=""3D76825FA7594779CB791C06F93BF2DB_element_38825"")>",3,1,3,4
간편한즉석밥 블렌딩,블렌드,미디엄다크,,"<selenium.webdriver.remote.webelement.WebElement (session=""586a1cce431001095a44d9f7c35facd9"", element=""37E9BF057D4A9D7F7E6D31655D6E187F_element_38923"")>",3,1,3,4
케냐 띠리쿠 AA 워시드,싱글오리진,미디엄,,-,4,4,5,1
하드워커,블렌드,미디엄다크,,"<selenium.webdriver.remote.webelement.WebElement (session=""586a1cce431001095a44d9f7c35facd9"", element=""746BD234E8F140270CCE6E75A0CADE5A_element_39099"")>",3,2,4,2
컨트리사이드 디카페인 싱글오리진,디카페인,미디엄다크,,-,4,3,5,4
허니서클 블렌드,블렌드,미디엄,,-,3,2,4,2
블렌드 캔디 그린,블렌드,라이트미디엄,,-,2,4,3,2
디카페인 에티오피아 블렌드,디카페인,라이트미디엄,,"<selenium.webdriver.remote.webelement.WebElement (session=""586a1cce431001095a44d9f7c35facd9"", element=""738434447A20643335D56B586DAFD030_element_39506"")>",3,4,5,2
리치 라운드,블렌드,미디엄다크,,-,2,2,4,3
라이프 블렌드,블렌드,다크,,-,4,1,4,3
케냐 뚱구리 피베리,싱글오리진,라이트,,-,4,5,5,1
피렌체,블렌드,미디엄다크,,-,5,1,3,4
휴식 블랜드,블렌드,미디엄다크,,-,4,2,4,3
스페셜티 블렌드,블렌드,미디엄,,-,2,4,4,1
호이스트,블렌드,미디엄,,"<selenium.webdriver.remote.webelement.WebElement (session=""586a1cce431001095a44d9f7c35facd9"", element=""ABA9B76ABE1B383320891760CBF9520A_element_40290"")>",3,3,4,1
밸런스,블렌드,미디엄다크,,-,3,3,3,3
Caramelo 카라멜로,블렌드,미디엄,공정무역,-,3,4,4,1
콜롬비아 파라이소92 핑크버본,싱글오리진,라이트,,-,1,3,4,1
에티오피아 블렌드,블렌드,미디엄,,-,3,3,4,1
아몬드 블렌딩,블렌드,미디엄다크,,"<selenium.webdriver.remote.webelement.WebElement (session=""586a1cce431001095a44d9f7c35facd9"", element=""33C340F81C31DD935A4520C206F472D7_element_40728"")>",4,3,4,2
디어 베이커,블렌드,미디엄,유기농,-,4,3,4,1
디카프 브라질 NY2/3 mountain water,디카페인,미디엄다크,,"<selenium.webdriver.remote.webelement.WebElement (session=""586a1cce431001095a44d9f7c35facd9"", element=""B629648D24D568CBBF18688A3BECD0D6_element_40948"")>",4,1,4,2
시그니처 블랜드 000 디카페인,디카페인,미디엄다크,,-,3,1,5,2
과테말라 웨웨테낭고 SHB 디카페인,디카페인,미디엄다크,,"<selenium.webdriver.remote.webelement.WebElement (session=""586a1cce431001095a44d9f7c35facd9"", element=""27208FACC2FD55CF26134025108E7C66_element_41161"")>",3,2,4,1
에티오피아 예가체프 아리차 g1 내추럴,싱글오리진,라이트미디엄,유기농,-,3,4,5,1
[다크] 케냐 키리냐가 아실리 AA+ 워시드,싱글오리진,미디엄다크,,-,4,2,4,3
페루 엘 세드로 마르셀 워시드,싱글오리진,라이트,,-,3,4,4,1
명지바람,블렌드,미디엄다크,유기농,-,3,4,2,2
커피가이 블렌드,블렌드,미디엄,,-,4,3,5,2
극야 블렌드,블렌드,다크,,"<selenium.webdriver.remote.webelement.WebElement (session=""586a1cce431001095a44d9f7c35facd9"", element=""9DBE144E99A59C05706B3444B24359AC_element_41739"")>",5,1,4,4
우일라 디카페인,디카페인,미디엄다크,,"<selenium.webdriver.remote.webelement.WebElement (session=""586a1cce431001095a44d9f7c35facd9"", element=""CD4AD2D8FF36689D477BE1394690509F_element_41825"")>",3,3,4,2
레스벗베러,블렌드,다크,,"<selenium.webdriver.remote.webelement.WebElement (session=""586a1cce431001095a44d9f7c35facd9"", element=""7BCFCF2D75C75A218E408A0F075DD4BD_element_41913"")>",4,1,5,4
SANTA ISABEL(산타 이사벨),블렌드,미디엄다크,직접무역,-,3,2,2,3
샹젤리제 블렌딩,블렌드,라이트미디엄,,-,2,4,5,2
디카페인 싱글 오리진 커피,디카페인,미디엄다크,,-,3,1,3,2
데일리 스윗 플러스,블렌드,미디엄,,-,3,4,4,3
시그니처 블랜드 언타이틀드,블렌드,미디엄,,-,3,3,5,2
맛좋은커피블렌드,블렌드,다크,공정무역,-,4,1,5,2
뉴커먼,블렌드,미디엄다크,,"<selenium.webdriver.remote.webelement.WebElement (session=""586a1cce431001095a44d9f7c35facd9"", element=""6DACA6B194E49F6BB48E6B9896EC9AFC_element_42690"")>",4,2,3,1
블랙 블렌딩 커피,블렌드,다크,,-,5,1,4,3
조바티 브라운 블렌드,블렌드,미디엄다크,직접무역,-,3,3,3,2
디카페인 에티오피아 짐마,디카페인,미디엄다크,,-,3,2,4,2
Nube Gris 누베그리스,블렌드,미디엄다크,공정무역,-,4,2,4,3
리들리,블렌드,미디엄다크,,"<selenium.webdriver.remote.webelement.WebElement (session=""586a1cce431001095a44d9f7c35facd9"", element=""7269F91B3A07B2C3693B7174124CDC04_element_43167"")>",4,2,4,3
하우스블렌드,블렌드,미디엄다크,공정무역,-,3,3,4,1
초코블라썸 블랜드,블렌드,라이트미디엄,,-,3,4,4,1
디카페인 어텀 블렌드,디카페인,미디엄,,-,3,2,4,3
바이올렛 블렌드,블렌드,라이트미디엄,,"<selenium.webdriver.remote.webelement.WebElement (session=""586a1cce431001095a44d9f7c35facd9"", element=""0BBBE67B14673BBB60E159E7BBD0AE73_element_43694"")>",3,4,4,1
데일리 블루,블렌드,미디엄다크,직접무역,-,4,2,3,4
클래식 블렌드 1996,블렌드,라이트미디엄,,-,2,4,3,1
나이트아울 블렌드,블렌드,미디엄,공정무역,"<selenium.webdriver.remote.webelement.WebElement (session=""586a1cce431001095a44d9f7c35facd9"", element=""166A2D634508F18BB70C127598747432_element_43967"")>",4,2,5,3
온두라스 카바예로 워시드 아나에어로빅,싱글오리진,라이트미디엄,공정무역,-,3,3,5,1
과테말라 우에우에테낭고 디카페인,디카페인,미디엄,,-,3,1,3,2
커넥츠 블렌드,블렌드,미디엄,,"<selenium.webdriver.remote.webelement.WebElement (session=""586a1cce431001095a44d9f7c35facd9"", element=""20D4F160BFBB4BEEAC0528BD7093878F_element_44273"")>",3,2,3,1
잘자요 디카페인,디카페인,다크,,"<selenium.webdriver.remote.webelement.WebElement (session=""586a1cce431001095a44d9f7c35facd9"", element=""0ECCBA39DD341B1F7AD85B5B49A7E263_element_44379"")>",4,1,3,4
리볼브,블렌드,미디엄,,-,3,3,5,1
아시아 블랜드,블렌드,다크,,-,4,1,3,4
파나마 페리엔 게이샤 워시드,싱글오리진,라이트미디엄,,-,3,3,4,1
핸디엄 밸런스 원두 아로마 5kg,블렌드,미디엄다크,,-,3,3,4,1
시그니처 블렌드,블렌드,미디엄,,-,4,4,3,4
일상 블렌드 L (라떼),블렌드,미디엄다크,,-,5,1,5,4
킵고잉 블렌드,블렌드,미디엄다크,,-,4,1,3,4
안목블렌드,블렌드,미디엄다크,,"<selenium.webdriver.remote.webelement.WebElement (session=""586a1cce431001095a44d9f7c35facd9"", element=""D4A0F4AFC3B3DD4427890975CF7936F0_element_45180"")>",4,4,5,3
에티오피아 반티넨카,싱글오리진,라이트미디엄,직접무역,-,1,3,3,1
디카페인 에티오피아,디카페인,미디엄다크,공정무역,-,3,2,3,2
마르께,블렌드,다크,,"<selenium.webdriver.remote.webelement.WebElement (session=""586a1cce431001095a44d9f7c35facd9"", element=""1FBDEA79A457B6EACA53AA3359D11B66_element_45473"")>",4,2,4,3
덕분에블렌드,블렌드,미디엄,공정무역,-,4,3,4,1
에티오피아 예가체프 첼바 쿠멜라초 G1,싱글오리진,라이트,,-,2,4,5,1
밀밭,블렌드,라이트미디엄,공정무역,-,4,4,4,3
모리 로부스타 쎄 허니,싱글오리진,라이트미디엄,직접무역,-,4,1,4,2
홀레스트,블렌드,다크,,"<selenium.webdriver.remote.webelement.WebElement (session=""586a1cce431001095a44d9f7c35facd9"", element=""1881C8A02EE547370A37F5ADFF75F78A_element_46082"")>",4,1,4,2
시그니처블렌드 B,블렌드,미디엄다크,,-,3,2,4,1
위시풀 블렌드,블렌드,미디엄,,-,3,3,5,3
진양조,블렌드,미디엄다크,,"<selenium.webdriver.remote.webelement.WebElement (session=""586a1cce431001095a44d9f7c35facd9"", element=""E641DE3BE4D06F01B6329A94B91A40BC_element_46373"")>",3,1,3,3
과테말라 파노라마,싱글오리진,미디엄다크,,-,3,1,4,2
프렌들리 블렌드,블렌드,미디엄다크,,-,4,2,5,2
소소하게 블렌드,블렌드,미디엄,,-,4,1,4,3
밸런스 블렌드,블렌드,미디엄,,-,3,3,4,3
L 블렌드,블렌드,다크,,-,4,1,4,3
날아올라,싱글오리진,라이트,직접무역,"<selenium.webdriver.remote.webelement.WebElement (session=""586a1cce431001095a44d9f7c35facd9"", element=""6B4F99B8B34A4E7E53A4E35D5745F0B7_element_46995"")>",4,4,4,2
다크블루,블렌드,미디엄다크,,-,4,1,5,2
과테말라 와이칸 워시드,싱글오리진,라이트미디엄,,-,3,3,4,2
아로마,블렌드,라이트미디엄,,-,2,4,2,1
에티오피아 게이샤 피치 G1,싱글오리진,라이트,공정무역,-,3,4,3,1
블렌드 루트 블랙,블렌드,미디엄다크,,-,5,1,4,3
타이거 스모크 블랜드,블렌드,다크,,-,5,1,5,2
센스 앤 센서빌리티,블렌드,미디엄,,"<selenium.webdriver.remote.webelement.WebElement (session=""586a1cce431001095a44d9f7c35facd9"", element=""D253B0FCCC5BC89F14A39F894D72C657_element_47678"")>",3,4,4,2
멕시코 디카페인,디카페인,라이트미디엄,,"<selenium.webdriver.remote.webelement.WebElement (session=""586a1cce431001095a44d9f7c35facd9"", element=""05D01C951933123A96F36C1E0F80E538_element_47769"")>",3,3,4,3
뷰블렌드,블렌드,다크,,-,3,1,2,3
마젠타 블렌드,블렌드,미디엄,,-,2,4,3,1
에스프레션,블렌드,미디엄,,-,4,2,4,3
콜롬비아 후일라 수프리모,싱글오리진,미디엄다크,,-,4,3,4,2
에티오피아 구지 라요 타라가 워시드,싱글오리진,라이트미디엄,,"<selenium.webdriver.remote.webelement.WebElement (session=""586a1cce431001095a44d9f7c35facd9"", element=""2E126364C2F1FB832ACF94C83C8A1E32_element_48222"")>",3,4,3,1
33도 블렌드,블렌드,라이트미디엄,,"<selenium.webdriver.remote.webelement.WebElement (session=""586a1cce431001095a44d9f7c35facd9"", element=""7CDE7AA18FCCEEF14D7C2E2693FA558B_element_48301"")>",1,3,4,1
L1,블렌드,라이트미디엄,,-,2,4,3,2
알파 블렌드,블렌드,미디엄다크,,-,4,1,4,3
그린 블렌딩 커피,블렌드,미디엄다크,,"<selenium.webdriver.remote.webelement.WebElement (session=""586a1cce431001095a44d9f7c35facd9"", element=""E96B95308B30E12B699500C98B76A298_element_48592"")>",4,3,4,2
라 콜리나,블렌드,미디엄,,-,2,3,3,2
다크초콜릿 블렌드,블렌드,다크,,"<selenium.webdriver.remote.webelement.WebElement (session=""586a1cce431001095a44d9f7c35facd9"", element=""CE178F0700BF9046CBAF4C43AD9B5C76_element_48793"")>",5,1,4,2
케냐 AA TOP 오타야 칭가 퀸,싱글오리진,미디엄다크,,-,5,3,5,3
콜롬비아 핀카 라 레세르바 카투라치로소,싱글오리진,라이트,,-,4,4,4,1
66도 블렌드,블렌드,미디엄,,"<selenium.webdriver.remote.webelement.WebElement (session=""586a1cce431001095a44d9f7c35facd9"", element=""E1099F7EB87FB0583853D67CC8F2505B_element_49104"")>",3,1,3,2
바다블렌드,블렌드,미디엄다크,,-,4,3,4,2
크로마 블렌드,블렌드,미디엄,공정무역,-,4,3,4,3
Santo Negro 산토네그로,블렌드,다크,공정무역,-,4,1,5,4
율 디캐프,디카페인,라이트,,"<selenium.webdriver.remote.webelement.WebElement (session=""586a1cce431001095a44d9f7c35facd9"", element=""CBED086801E0758A404D75DFDB716FDA_element_49450"")>",2,2,3,1
(배전도: 에스프레소)디카페인 과테말라,디카페인,미디엄다크,공정무역,-,3,3,4,3
라까프 에스프레소 블렌드,블렌드,미디엄다크,공정무역,-,4,3,4,3
브라질 리마오호사,싱글오리진,라이트,,-,3,2,3,1
버밀리온 헤오 블렌딩,블렌드,미디엄다크,,-,4,1,4,3
시티섬머블루스 시즈널블랜드,블렌드,라이트미디엄,,-,3,4,5,1
콜롬비아 살피콘 게이샤 CM내추럴,싱글오리진,라이트미디엄,,-,3,4,4,2
에티오피아 시다모 문타샤,싱글오리진,라이트미디엄,,-,3,3,5,1
콜롬비아 라 레세르바 카투라 치로소,싱글오리진,미디엄,,-,3,3,4,3
블랙가이 블랜드,블렌드,미디엄,,-,5,1,5,2
에티오피아 예가체프 아리차 G1 워시드,싱글오리진,라이트,,-,3,4,4,1
케냐 AA TOP 키린야가 카리아,싱글오리진,미디엄,,-,3,3,4,2
보니타 블렌딩,블렌드,미디엄다크,,-,3,1,3,1
모리 케피어 로부스타 TR4,싱글오리진,미디엄,직접무역,-,4,1,4,2
케냐 뚱구리 AA TOP 워시드,싱글오리진,미디엄,,-,4,3,4,2
콜롬비아 비야라조 민트,싱글오리진,라이트미디엄,,-,3,3,3,2
W 블렌드,블렌드,다크,,"<selenium.webdriver.remote.webelement.WebElement (session=""586a1cce431001095a44d9f7c35facd9"", element=""EE6AA26FB7E34B84297BEDFF78A3F3F2_element_51104"")>",5,1,2,4
보이져,블렌드,미디엄,,"<selenium.webdriver.remote.webelement.WebElement (session=""586a1cce431001095a44d9f7c35facd9"", element=""902C1874F039B29E6BE3E2BD27CC12E8_element_51187"")>",3,4,4,2
올드타운,블렌드,미디엄,,"<selenium.webdriver.remote.webelement.WebElement (session=""586a1cce431001095a44d9f7c35facd9"", element=""C61CE0BAC914C1CFA85A587ECC9B85B1_element_51275"")>",3,3,4,2
보난자 블렌드,블렌드,미디엄,공정무역,"<selenium.webdriver.remote.webelement.WebElement (session=""586a1cce431001095a44d9f7c35facd9"", element=""34EBBE5D75DA9B2B24F96D750E55F831_element_51363"")>",2,3,4,2
이태리스페셜,블렌드,다크,,"<selenium.webdriver.remote.webelement.WebElement (session=""586a1cce431001095a44d9f7c35facd9"", element=""BB494D71D443DD1FFB714AB7040EE1A8_element_51463"")>",5,1,4,4
M1,블렌드,미디엄,,-,3,3,4,3
브릴리,싱글오리진,미디엄다크,직접무역,"<selenium.webdriver.remote.webelement.WebElement (session=""586a1cce431001095a44d9f7c35facd9"", element=""A3F5E8C241D67B162C2E1064C646A314_element_51738"")>",4,1,5,3
캄블렌드,블렌드,미디엄다크,,-,4,1,4,3
콜롬비아 엘 카르멘 디카프,디카페인,미디엄다크,공정무역,"<selenium.webdriver.remote.webelement.WebElement (session=""586a1cce431001095a44d9f7c35facd9"", element=""8455E7D6B0BEFDABCF4EA2DC554CD17D_element_51923"")>",4,1,5,2
초코퍼지 블렌딩 커피,블렌드,다크,,-,4,1,4,3
마리모,블렌드,다크,,"<selenium.webdriver.remote.webelement.WebElement (session=""586a1cce431001095a44d9f7c35facd9"", element=""1A8AA67F2456E7464C9B0B49B997B0A0_element_52111"")>",4,1,4,3
그레이무드 블랜드,블렌드,미디엄다크,,-,4,1,5,1
와이칸,싱글오리진,미디엄다크,직접무역,-,3,4,5,3
인디언 헤드,블렌드,다크,,"<selenium.webdriver.remote.webelement.WebElement (session=""586a1cce431001095a44d9f7c35facd9"", element=""1FFC06911A53366ECED890807A3DDC52_element_52392"")>",4,1,4,3
웡카 블렌드,블렌드,다크,,-,5,1,5,4
"DEEP, DEEPLY 딥 딥플리",블렌드,미디엄다크,,-,4,2,5,2
밝은 블렌드,블렌드,라이트미디엄,,-,3,4,4,1
콜롬비아 수프리모 SW 디카프,디카페인,미디엄,,"<selenium.webdriver.remote.webelement.WebElement (session=""586a1cce431001095a44d9f7c35facd9"", element=""0F42E3A543DA257BACA9F6041CA6EB48_element_52751"")>",2,2,3,2
케냐 뚱구리 AA 워시드,싱글오리진,미디엄,,-,3,4,3,1
발렌타인 플러스,블렌드,미디엄다크,,"<selenium.webdriver.remote.webelement.WebElement (session=""586a1cce431001095a44d9f7c35facd9"", element=""4651B790A4FDBDA4146D0E9F69E29472_element_52971"")>",5,2,3,2
과테말라 아구아 티비아 게이샤 워시드,싱글오리진,라이트,,-,3,3,5,1
Blend N.4,블렌드,다크,,"<selenium.webdriver.remote.webelement.WebElement (session=""586a1cce431001095a44d9f7c35facd9"", element=""C2D3188E3ACAF7148A95BA7BEAF41178_element_53173"")>",4,1,4,3
닻별,블렌드,다크,유기농,-,4,2,4,4
조바티 스페셜 블렌드,블렌드,라이트미디엄,,-,3,4,3,1
