이름,식품의 유형,제조원 및 소재지,유통기한,제조일자,내용량,보관 방법,원재료 및 함량,제품문의 관련 주소 및 전화번호,보관방법,생산자,소재지,제조연월일,유통기한 또는 품질유지기한,포장단위별 내용물의 용량(중량),원재료명 및 함량,제품명,식품유형,원재료명,포장재질,품질유지기한,제조 및 판매원,"포장단위별 내용물의 용량(중량), 수량",성분,제조원,원재료,용량,주소,허가번호,제조일,권장기한
마르께,커피,경상북도 경산시 와촌면 갓바위로 67-2(와촌면) (우:38400),제조일로부터 1년,주문일로부터 7일이내,1kg,직사광선을 피하고 밀봉하여 실온보관,"커피원두 100%(브라질 40%, 콜롬비아 40%, 에티오피아 20%)",코케 고객센터 070-4647-1868,,,,,,,,,,,,,,,,,,,,,,
진양조,원두,"스탠딩커피로스터스 (주), 서울시 용산구 이태원동 210-8번지",제조일로부터 3개월,별도 표기,200g / 1kg,직사광선 피하고 서늘한 곳,볶은원두 100%,코케 고객센터 070-4647-1868,,,,,,,,,,,,,,,,,,,,,,
클래식 에스프레소,커피,서울시 서초구 효령로 72길 57 E동 B101호 리플렉트커피,제조일로부터 10개월,주문시 로스팅,200g / 1kg,후면에 표기,"커피원두 100%(콜롬비아 50%, 브라질 30%, 과테말라 20%)",코케 고객센터 070-4647-1868,,,,,,,,,,,,,,,,,,,,,,
올드타운로드 하우스블랜드,커피,경기도 고양시 덕양구 행당로1 4층 401호,제조일로부터 1년,주문 확인 후 제조,1kg,,커피원두 100%,컨트리사이드,"직사광선을 피하고 온도, 습도가 낮으며 통풍이 잘 되는 곳에 밀폐 보관",,,,,,,,,,,,,,,,,,,,,
디카페인 올 데이 블렌드,커피,"주식회사 디카커피랩, 고양시 일산동구 은마길79번길 42",제조일로부터 1년,별도표기,200g / 1kg,서늘한 곳에 보관,"커피원두(브라질산 60%, 과테말라산 30%, 에티오피아산 10%)",코케 고객센터 070-4647-1868,,,,,,,,,,,,,,,,,,,,,,
뛰뛰빵빵,커피,경기 군포시 경수대로 455 한솔테크노타운 7층 705-1호 올디스트커피트롤리 / 경기 군포시 고산로539번길 7-6 묘향롯데아파트상가 104호 올디스트커피,제조일로부터 1년,주문 확인 후 제조,1kg,,커피원두 100%,올디스트커피 경기 군포시 고산로539번길 7-6 묘향롯데아파트상가 104호 올디스트커피,"직사광선을 피하고 온도, 습도가 낮으며 통풍이 잘 되는 곳에 밀폐 보관",,,,,,,,,,,,,,,,,,,,,
바흐 Bach,커피,성남시 중원구 둔촌대로 400 스타우드 511호,제조일로부터 1년,별도표기,1kg,,커피원두 100%,크레센도 커피 로스터스 010-3386-5969,"직사광선을 피하고 온도, 습도가 낮으며 통풍이 잘 되는 곳에 밀폐 보관",,,,,,,,,,,,,,,,,,,,,
디카페인 에티오피아 예가체프 워카 내추럴 스위스 워터,볶은커피,"(주)클라우드 핑크, 서울 성동구 서울숲2길 28-11",제조일로부터 1년,후면별도표기,210g / 500g,실온에서 직사광선을 피해 서늘한 곳에 보관하세요.,커피(에티오피아)100%,코케 고객센터 070-4647-1868,,,,,,,,,,,,,,,,,,,,,,
W 블렌드,커피 원두,서울특별시 마포구 월드컵북로6길 88,제조일로부터 1년,별도표기,200g / 1kg,서늘한 곳에 보관,"커피 원두(브라질 40%, 인도 30%, 베트남 30%)",코케 고객센터 070-4647-1868,,,,,,,,,,,,,,,,,,,,,,
오닉스 블렌드,커피,경기도 부천시 중동로356번길 6 필리그리커피,제조일로부터 1년,별도 표시,1kg,,커피원두 100%,필리그리커피 032-672-9127,"직사광선을 피하고 온도, 습도가 낮으며 통풍이 잘 되는 곳에 밀폐 보관",,,,,,,,,,,,,,,,,,,,,
블렌드 A,커피,"리버벨, 서울시 관악구 남현 2길 18 1층",제조일부터 1년 이내,별도 표기,150g / 1kg,상온 보관,원두커피 100%,코케 고객센터 070-4647-1868,,,,,,,,,,,,,,,,,,,,,,
우리집블렌드,커피,경기도 성남시 중원구 둔촌대로 531 쌍용IT트윈타워 B동 901-2호,제조일로부터 1년,주문 확인 후 제조,1kg,,커피원두 100%,챁챁커피 031-736-0090,"직사광선을 피하고 온도, 습도가 낮으며 통풍이 잘 되는 곳에 밀폐 보관",,,,,,,,,,,,,,,,,,,,,
비터스윗 라이프 에디션1,커피,"커피몽타주, 경기도 하남시 미사동로40번길 137",제조일로부터 3개월까지(실온상태),상품 후면에 별도 표기,200g / 1kg,직사광선을 피하고 서늘한 곳에 보관하십시오.,"커피원두 100%(인도 50%, 코스타리카 30%, 에티오피아 20%)",코케 고객센터 070-4647-1868,,,,,,,,,,,,,,,,,,,,,,
클래식 블렌드,커피,서울 중구 필동로 32 낙원빌딩 1층,제조일로부터 1년,주문 확인 후 제조,1kg,,커피원두 100%,헤베커피 010-5295-5742,"직사광선을 피하고 온도, 습도가 낮으며 통풍이 잘 되는 곳에 밀폐 보관",,,,,,,,,,,,,,,,,,,,,
피렌체,커피,"루비아 / 경기 성남시 사기막골로 124, 비즈동 1412호 루비아",제조일로부터 1년,주문 확인 후 제조,1kg,,커피원두 100%,루비아 커피 / 010-2942-3069,"직사광선을 피하고 온도, 습도가 낮으며 통풍이 잘 되는 곳에 밀폐 보관",,,,,,,,,,,,,,,,,,,,,
데일리스윗,커피(볶은커피),"(주)핸디엄, 경기도 여주시 세종대왕면 상동길 68",제조일로부터 12개월,상단 표기일,140g / 1kg,"직사광선을 피하고 온도, 습도가 낮으며 통풍이 잘 되는 곳에 보관하여 주십시오.","커피원두 100% (브라질산 60%, 과테말라산 40%)",핸디엄 고객센터 1599-2681,,,,,,,,,,,,,,,,,,,,,,
엘 카미노,볶은 커피,"피어커피 로스터스, 서울시 성동구 광나루로 4가길 38 1층",제조일로부터 1년,상품후면표기,1000g,직사광선을 피하고 서늘한 곳에 보관하십시오,커피원두 100%,코케 고객센터 070-4647-1868,,,,,,,,,,,,,,,,,,,,,,
클래식 골드 블렌드,커피,경기도 하남시 조정대로 150 (아이테코) 오렌지존 226호,제조일로부터 1년,주문 확인 후 제조,1kg,,커피원두 100%,전광수 커피 010-2936-0501,"직사광선을 피하고 온도, 습도가 낮으며 통풍이 잘 되는 곳에 밀폐 보관",,,,,,,,,,,,,,,,,,,,,
데일리 블루,커피,서울시 강동구 성내로 58 희성빌딩 3층,제조일로부터 1년,주문 확인 후 제조,1kg,,커피원두 100%,이알코퍼레이션 01033422398,"직사광선을 피하고 온도, 습도가 낮으며 통풍이 잘 되는 곳에 밀폐 보관",,,,,,,,,,,,,,,,,,,,,
율 디캐프 다크,원두커피,,,,,,,코케 고객센터 070-4647-1868,,180커피로스터스,경기도 성남시 분당구 문정로144번길 4,제품 별도 표기,제품 별도 표기,200g / 1kg,"원두커피 100% (콜롬비아 50%, 과테말라 50%)",,,,,,,,,,,,,,,
Classic Blend,볶은커피,"(주)펠트, 경기도 고양시 덕양구 덕은동 74-1 1층",제조일로 부터 1년,후면별도표시,200g / 1kg,서늘한 곳에 밀폐보관,커피원두 100%,코케 고객센터 070-4647-1868,,,,,,,,,,,,,,,,,,,,,,
푸짐한알밥 블렌딩,원두,"원더월 커피로스터스, 서울시 동대문구 답십리로 80 1층",제조일로 2개월,제품 표시,1kg,실온 보관,로부스타 생두 100%,코케 고객센터 070-4647-1868,,,,,,,,,,,,,,,,,,,,,,
프렌들리 블렌드,커피,이수팩토리 / 경기도 수원시 장안구 조원동 525-19,제조일로부터 1년,주문 확인 후 제조,1kg,,커피원두 100%,이수팩토리 01086348481,"직사광선을 피하고 온도, 습도가 낮으며 통풍이 잘 되는 곳에 밀폐 보관",,,,,,,,,,,,,,,,,,,,,
보니타 블렌딩,커피,"충청남도 논산시 연산면 황룡재로 65, 2층",제조일로부터 1년,주문 확인 후 제조,1kg,,커피원두 100%,서가로스터리 01063083067,"직사광선을 피하고 온도, 습도가 낮으며 통풍이 잘 되는 곳에 밀폐 보관",,,,,,,,,,,,,,,,,,,,,
오버타임,커피,"[폰트오피스] 경기도 파주시 탄현면 소리개길 164-17, 3동",제조일로부터 1년,주문일로부터 7일이내,200g / 1kg,직사광선을 피하고 밀봉하여 실온보관,"커피원두 100%(브라질 50%, 과테말라 35%, 에티오피아 15%)",[폰트오피스] 031-946-8549,,,,,,,,,,,,,,,,,,,,,,
나이트아울 블렌드,커피,"앤써커피, 경기 고양시 일산서구 중앙로 1371 뉴서울프라자 3층",제조일로부터 12개월,별도 표시,1kg,"직사광선을 피하고, 건냉한 곳에 보관",커피생두(100%),코케 고객센터 070-4647-1868,,,,,,,,,,,,,,,,,,,,,,
미드나잇 블루 (디카페인 원두),커피,부산광역시 중구 중앙대로29번길 6,제조일로부터 1년,주문 확인 후 제조,1kg,,커피원두 100%,연경재 010-6662-4474,"직사광선을 피하고 온도, 습도가 낮으며 통풍이 잘 되는 곳에 밀폐 보관",,,,,,,,,,,,,,,,,,,,,
데일리블렌드,커피,서울시 광진구 자양동 79-2 2층,제조일로부터 1년,주문 확인 후 제조,1kg,,커피원두 100%,아드프 커피로스터스,"직사광선을 피하고 온도, 습도가 낮으며 통풍이 잘 되는 곳에 밀폐 보관",,,,,,,,,,,,,,,,,,,,,
브라운렄블렌드,커피,서울 강북구 한천로139가길 15 1층,제조일로부터 1년,주문 확인 후 제조,1kg,,커피원두 100%,칠복상회 010-6521-4889,"직사광선을 피하고 온도, 습도가 낮으며 통풍이 잘 되는 곳에 밀폐 보관",,,,,,,,,,,,,,,,,,,,,
스윗 앤 모어,커피,"서울시 강남구 봉은사로 68길 41, 1층",제조일로부터 1년,주문일로부터 3일이내,200g / 1kg,직사광선을 피하고 밀봉하여 실온보관,"커피원두 100%(브라질, 콜롬비아, 과테말라, 에티오피아)",코케 고객센터 070-4647-1868,,,,,,,,,,,,,,,,,,,,,,
뉴커먼,원두커피,"커넥츠커피, 서울특별시 마포구 성지길 60, 1층(국제빌딩)",제조일로부터 12개월,주문일로부터 3일 이내,200g / 1kg,"직사광선을 피해 온도, 습도가 낮으며 통풍이 잘 되는 곳에 보관하십시오.","커피원두100%(브라질 40%, 코스타리카 30%, 콜롬비아 30%)",코케 고객센터 070-4647-1868,,,,,,,,,,,,,,,,,,,,,,
풍요로운 땅,커피,"나무사이로, 경기도 성남시 분당구 석운로 33",제조일로부터 1년,별도표기,200g / 1kg,직사광선을 피하고 서늘하고 건조한 곳,아라비카 원두 100%,코케 고객센터 070-4647-1868,,,,,,,,,,,,,,,,,,,,,,
플레이어,원두,Steamerscoffee,제조일로부터 2달 이내,상품 뒷면 참조,200g / 1kg,없음,COLOMBIA 40% + INDIA 30% + Ethiopia 20% + Brazil 10%,코케 고객센터 070-4647-1868,,,,,,,,,,,,,,,,,,,,,,
에티오피아 예가체프 게이샤 G1 내추럴,커피,"서울시 강서구 공항대로 164, 411",제조일로부터 1년,주문 확인 후 제조,500g / 1kg,,커피원두 100%,커스프 커피 010-3267-0430,"직사광선을 피하고 온도, 습도가 낮으며 통풍이 잘 되는 곳에 밀폐 보관",,,,,,,,,,,,,,,,,,,,,
브레가 블렌딩,커피,서울 서대문구 연희로 46-1,제조일로부터 1년,주문 확인 후 제조,1kg,,커피원두 100%,웨이즈커피 010-6434-8150,"직사광선을 피하고 온도, 습도가 낮으며 통풍이 잘 되는 곳에 밀폐 보관",,,,,,,,,,,,,,,,,,,,,
썸즈업 블렌드,커피원두,"충청북도 청주시 청원구 내수읍 충청대로 904, A동 하우트커피컴퍼니",제조일로부터 1개월,전면 별도 표기,200g / 1kg,공기가 들어가지 않도록 밀봉 또는 밀폐 용기에 담아 서늘한 그늘에 보관하십시오.,커피원두100%,코케 고객센터 070-4647-1868,,,,,,,,,,,,,,,,,,,,,,
러스트 블렌딩,커피,"올인커피 / 서울특별시 강서구 공항대로 212, A동 501호",제조일로부터 1년,주문 확인 후 제조,1kg,,커피원두 100%,올인커피 010-7636-6916,"직사광선을 피하고 온도, 습도가 낮으며 통풍이 잘 되는 곳에 밀폐 보관",,,,,,,,,,,,,,,,,,,,,
버터 슬럽 블렌드,커피,광주광역시 동구 준법로 14 1층 슬러핀커피로스터스,제조일로부터 1년,주문 확인 후 제조,1kg,,커피원두 100%,슬러핀 커피 010-2031-5959,"직사광선을 피하고 온도, 습도가 낮으며 통풍이 잘 되는 곳에 밀폐 보관",,,,,,,,,,,,,,,,,,,,,
디카프 브라질 NY2/3 mountain water,커피원두,"식물학커피로스터스, 서울특별시 용산구 서빙고로67길 21 2층",제조일로부터 1년,제조일 별도 표기(제품 뒷면),250g / 1kg,직사광선을 피하고 밀봉하여 건조하고 서늘한 곳에 보관,커피원두 100%,코케 고객센터 070-4647-1868,,,,,,,,,,,,,,,,,,,,,,
BRICK 블랜드,가공 원두,,,,,,,코케 고객센터 070-4647-1868,,컬러드 빈,서울시 서대문구 연희동,주문일로 3일이내,제조일로부터 6개월,200g / 1kg,로스팅 되어진 원두,브릭블랜드,,,,,,,,,,,,,,
Winter 블렌딩,커피,경기 고양시 일산동구 장대길 75-53 나동 1층 JMD Coffee Factory,제조일로부터 1년,주문 확인 후 제조,1kg,,커피원두 100%,제이엠디커피팩토리 010-9903-8794,"직사광선을 피하고 온도, 습도가 낮으며 통풍이 잘 되는 곳에 밀폐 보관",,,,,,,,,,,,,,,,,,,,,
다크블루,커피,서울특별시 영등포구 문래로 20길 60 501호,제조일로부터 1년,주문 확인 후 제조,1kg,,커피원두 100%,블랙빈스 010-5684-2955,"직사광선을 피하고 온도, 습도가 낮으며 통풍이 잘 되는 곳에 밀폐 보관",,,,,,,,,,,,,,,,,,,,,
디카페인 블렌딩,커피,라메르판지 비앤알 / 울산광역시 북구 판지1길 30 (지상2~3층 구유동),제조일로부터 1년,주문 확인 후 제조,1kg,,커피원두 100%,라메르판지 비앤알 0522928787,"직사광선을 피하고 온도, 습도가 낮으며 통풍이 잘 되는 곳에 밀폐 보관",,,,,,,,,,,,,,,,,,,,,
올굳 블렌드,커피,"인천시 부평구 부평대로 337, 1031호",제조일로부터 1년,주문 확인 후 제조,1kg,,커피원두 100%,놈코어 커피 01049722312,"직사광선을 피하고 온도, 습도가 낮으며 통풍이 잘 되는 곳에 밀폐 보관",,,,,,,,,,,,,,,,,,,,,
Nube Gris 누베그리스,커피,경기 고양시 덕양구 의장로 29-31 1층,제조일로부터 1년,주문 확인 후 제조,1kg,,커피원두 100%,클라리멘토 010-9290-5005,"직사광선을 피하고 온도, 습도가 낮으며 통풍이 잘 되는 곳에 밀폐 보관",,,,,,,,,,,,,,,,,,,,,
그레이무드 블랜드,커피,경북 구미시 산동읍 첨단기업1로 42,제조일로부터 1년,주문 확인 후 제조,1kg,,커피원두 100%,퍼블릭 커피 로스터즈 010-9328-0036,"직사광선을 피하고 온도, 습도가 낮으며 통풍이 잘 되는 곳에 밀폐 보관",,,,,,,,,,,,,,,,,,,,,
디카페인 블렌드,커피,"웨이브온커피, 부산광역시 기장군 장안읍 해맞이로 286",제조일로부터 1년,별도 표시,200g / 1kg,밀봉 후 직사광선을 피하여 실온 보관,커피원두100%,코케 고객센터 070-4647-1868,,,,,,,,,,,,,,,,,,,,,,
에티오피아 블렌드,커피,경기도 고양시 덕양구 행신동 741-17 1층,제조일로부터 1년,주문 확인 후 제조,1kg,,커피원두 100%,커피네츄럴스페셜티,"직사광선을 피하고 온도, 습도가 낮으며 통풍이 잘 되는 곳에 밀폐 보관",,,,,,,,,,,,,,,,,,,,,
타이거릴리,커피,서울 강동구 성내로14길 37 1층,제조일로부터 1년,주문 확인 후 제조,1kg,,커피원두 100%,애크로매틱 커피 컴퍼니 010-4737-1664,"직사광선을 피하고 온도, 습도가 낮으며 통풍이 잘 되는 곳에 밀폐 보관",,,,,,,,,,,,,,,,,,,,,
시그니처블렌드 D,커피,로컬커피로스터스. 경기도 김포시 양촌읍 불당로 92-10,제조일로부터 1년,주문 확인 후 제조,1kg,,커피원두 100%,로컬커피 로스터스 01025550698,"직사광선을 피하고 온도, 습도가 낮으며 통풍이 잘 되는 곳에 밀폐 보관",,,,,,,,,,,,,,,,,,,,,
시그니처 블렌드,커피,"서울특별시 강남구 학동로 107, 5층",제조일로부터 1년,"제품에 따라 제조일자 상이, 로스팅 후 1개월이내 제품 출고",500g/1kg,,커피원두 100%,커피루소 02-2056-7619,"직사광선을 피하고 온도, 습도가 낮으며 통풍이 잘 되는 곳에 밀폐 보관",,,,,,,,,,,,,,,,,,,,,
카프리,커피,경기도 화성시 동탄지성로 306번길 68,제조일로부터 1년,주문 확인 후 제조,1kg,,커피원두 100%,운조커피 010-4535-8819,"직사광선을 피하고 온도, 습도가 낮으며 통풍이 잘 되는 곳에 밀폐 보관",,,,,,,,,,,,,,,,,,,,,
소소하게 블렌드,커피,경기도 부천시 소사구 호현로 489,제조일로부터 1년,주문 확인 후 제조,200g / 1kg,,커피원두 100%,카페소소한사치 010-9340-4364,"직사광선을 피하고 온도, 습도가 낮으며 통풍이 잘 되는 곳에 밀폐 보관",,,,,,,,,,,,,,,,,,,,,
온두라스 카바예로 워시드 아나에어로빅,커피원,서울특별시 용산구 이태원로49길 24,제조일로부터 1년,주문 확인 후 제조,250g,,커피원두 100%,보난자커피 코리아 010-4202-3313,직사광선을 피하고 밀봉하여 건조하고 서늘한 곳에 보관,,,,,,,,,,,,,,,,,,,,,
콜롬비아 디카페인,커피,"경기도 성남시 중원구 사기막골로 124, skn테크노파크 메가센터 1411호, (주)프레이저커피",제조일로부터 1년,주문시 로스팅,200g / 1kg,실온보관,커피원두 100%(콜롬비아 100%),코케 고객센터 070-4647-1868,,,,,,,,,,,,,,,,,,,,,,
헬로 다크니스,커피,"커피 앰비언스, 서울시 송파구 송이로17길 51 (1층, 가락동)",제조일로부터 1년,제조일 별도표기,200g / 1kg,서늘한 곳에 보관,볶은커피 100%,코케 고객센터 070-4647-1868,,,,,,,,,,,,,,,,,,,,,,
리볼브,커피,"히떼로스터리, 경상남도 밀양시 삼랑진읍 행곡로 16",제조일로부터 6개월,별도표시,200g,건냉한 곳에 밀폐보관,커피 원두100%,코케 고객센터 070-4647-1868,,,,,,,,,,,,,,,,,,,,,,
르네테르 블렌드,커피,"싸인포스트커피, 서울시 동작구 솔밭로 97-6",제조일로부터 6개월,제조일 별도 표기,200g / 1kg,해당없음,볶은 커피 100%,코케 고객센터 070-4647-1868,,,,,,,,,,,,,,,,,,,,,,
블렌드 캔디 그린,커피,"서울시 송파구 법원로 114, B동 106호",제조일로부터 6개월,주문 확인 후 제조,1kg,,커피원두 100%,"서울시 송파구 법원로 114, B동 106호 02-2088-4341","직사광선을 피하고 온도, 습도가 낮으며 통풍이 잘 되는 곳에 밀폐 보관",,,,,,,,,,,,,,,,,,,,,
블렌드 슈퍼 노멀,커피,"서울특별시 서대문구 연희로 109, 2층 프로토콜",제조일로부터 1년,제조일 별도 표기(제품 뒷면),200g / 1kg,직사광선을 피하고 밀봉하여 건조하고 서늘한 곳에 보관,커피원두 100%,코케 고객센터 070-4647-1868,,,,,,,,,,,,,,,,,,,,,,
"DEEP, DEEPLY 딥 딥플리",커피,서울특별시 관악구 조원로 2길 7 1층,제조일로부터 1년,주문 확인 후 제조,1kg,,커피원두 100%,카페플롬 010-4155-8282,"직사광선을 피하고 온도, 습도가 낮으며 통풍이 잘 되는 곳에 밀폐 보관",,,,,,,,,,,,,,,,,,,,,
킵고잉 블렌드,커피,경기 안산시 단원구 산단로 296 522호,제조일로부터 1년,주문 확인 후 제조,1kg,,커피원두 100%,랑케커피 01089630224,"직사광선을 피하고 온도, 습도가 낮으며 통풍이 잘 되는 곳에 밀폐 보관",,,,,,,,,,,,,,,,,,,,,
BURUNDI ROYAL BEATS(부룬디 로얄 비츠),볶은 커피,서울특별시 강남구 선릉로 570 1층,제조일로부터 1년,상품 후면 표기,200g,,커피원두 100%,마그마커피 070-7599-2210,습기 및 직사광선을 피하고 서늘한 장소에 보관하십시오.,,,,,,,,,,,,,,,,,,,,,
불켜진공장 블렌드,커피,디그리,제조일로부터 1년,주문 확인 후 제조,1kg,,커피원두 100%,디그리 01031660563,"직사광선을 피하고 온도, 습도가 낮으며 통풍이 잘 되는 곳에 밀폐 보관",,,,,,,,,,,,,,,,,,,,,
매뉴얼,볶은 커피,그럼블커피,제조일로부터 6개월,제조일 별도 표기,200g / 1kg,직사광선을 피하고 서늘한 곳에 밀폐보관,"커피원두 100% (브라질, 과테말라, 인도네시아, 에디오피아)",코케 고객센터 070-4647-1868,,,,,,,,,,,,,,,,,,,,,,
콜린,원두 커피,"영앤도터스, 서울 마포구 마포대로 156 공덕 프루지오시티 1층 107호",제조일로부터 1년(권장기한 제조일로부터 1달),제조일 별도 표기,200g / 1kg,직사광선을 피하고 밀봉하여 건조하고 서늘한 곳에 보관,"원두 커피(코스타리카 30%, 콜롬비아 40%, 인도 30%)",코케 고객센터 070-4647-1868,,,,,,,,,,,,,,,,,,,,,,
일상 블렌드 L (라떼),커피,"대구광역시 수성구 청솔로 57, 1층",제조일로부터 1년,주문 확인 후 제조,1kg,,커피원두 100%,흐드러진커피 01046819876,"직사광선을 피하고 온도, 습도가 낮으며 통풍이 잘 되는 곳에 밀폐 보관",,,,,,,,,,,,,,,,,,,,,
인도 블랜드,커피,인천광역시 서구 가정로 261번길 7,제조일로부터 1년,주문 확인 후 제조,1kg,,커피원두 100%,이보크 01092901646,"직사광선을 피하고 온도, 습도가 낮으며 통풍이 잘 되는 곳에 밀폐 보관",,,,,,,,,,,,,,,,,,,,,
테디베어 블랜드,커피,"오소커피로스터스, 서울시 용산구",제조일로부터 1년,주문 확인 후 제조,1kg,,커피원두 100%,커피볶는곰 0262422113,"직사광선을 피하고 온도, 습도가 낮으며 통풍이 잘 되는 곳에 밀폐 보관",,,,,,,,,,,,,,,,,,,,,
핸디엄 밸런스 원두 아로마 5kg,커피,서울특별시 강남구 영동대로106길 37,제조일로부터 1년,주문 확인 후 제조,500g x 10ea,,"커피원두 100% (에티오피아산 70%, 콜롬비아산 30%)",핸디엄 010-4194-8939,"직사광선을 피하고 온도, 습도가 낮으며 통풍이 잘 되는 곳에 밀폐 보관",,,,,,,,,,,,,,,,,,,,,
바다블렌드,커피,바다뷰커피공장 / 강원도 양양군,제조일로부터 1년,주문 확인 후 제조,1kg,,커피원두 100%,바다뷰 커피공장 010-9969-3824,"직사광선을 피하고 온도, 습도가 낮으며 통풍이 잘 되는 곳에 밀폐 보관",,,,,,,,,,,,,,,,,,,,,
아몰렌떼 디카페인 원두 커피,커피,아몰렌떼/경기도 용인시 처인구 남사읍 통삼로 409 나동,제조일로부터 1년(향미 보존 위해 3주 이내에 소비 권장),주문 확인 후 제조,"500g, 1kg",,커피원두 100%,아몰렌떼 / 070-8843-0526,"직사광선을 피하고 온도, 습도가 낮으며 통풍이 잘 되는 곳에 밀폐 보관",,,,,,,,,,,,,,,,,,,,,
Hammock (해먹),커피,서울시 관악구 은천로 39,제조일로부터 1년,주문 확인 후 제조,1kg,,커피원두 100%,UFO 커피로스터스 010-4240-8455,"직사광선을 피하고 온도, 습도가 낮으며 통풍이 잘 되는 곳에 밀폐 보관",,,,,,,,,,,,,,,,,,,,,
그레이 블렌드,커피,경기 남양주시 불암로109번길 4-29 (별내동) 1층 레인디어커피,제조일로부터 1년,주문 확인 후 제조,1kg,,커피원두 100%,레인디어커피컴퍼니 010-3976-1590,"직사광선을 피하고 온도, 습도가 낮으며 통풍이 잘 되는 곳에 밀폐 보관",,,,,,,,,,,,,,,,,,,,,
송버드(Song Bird),커피,서울시 중랑구 신내역로 111 SKV1 센터,제조일로부터 1년,주문 확인 후 제조,1kg,,커피원두 100%,그린마일커피,"직사광선을 피하고 온도, 습도가 낮으며 통풍이 잘 되는 곳에 밀폐 보관",,,,,,,,,,,,,,,,,,,,,
시그니처 블랜드 타이틀드,커피,"서울특별시 성동구 아차산로17길 48, 성수 SK V1 CENTER 401호",제조일로부터 1년,주문일 기준 2주 내 로스팅 상품 출고,1kg,,커피원두 100%,라운지엑스 070-5161-0005,"직사광선을 피하고 온도, 습도가 낮으며 통풍이 잘 되는 곳에 밀폐 보관",,,,,,,,,,,,,,,,,,,,,
릴렉스 블렌드,커피,전라남도 나주시 우정로 10 게토33 나동 A101~108호,제조일로부터 1년,주문 확인 후 제조,1kg,,커피원두 100%,헬퍼 스튜디오 010-2918-9270,"직사광선을 피하고 온도, 습도가 낮으며 통풍이 잘 되는 곳에 밀폐 보관",,,,,,,,,,,,,,,,,,,,,
더블 캐스트,커피,제주 제주시 한경면 용금로 442 / CRACKERS COFFEE ROASTERS,제조일로부터 1년,주문 확인 후 제조,1kg,,커피원두 100%,크래커스 커피 로스터스 010-4125-2284,"직사광선을 피하고 온도, 습도가 낮으며 통풍이 잘 되는 곳에 밀폐 보관",,,,,,,,,,,,,,,,,,,,,
브라운 블렌딩 커피,,,,,200g / 1kg,,,코케 고객센터 070-4647-1868,,,,제품 상단 별도 표기,,,,,커피,원두커피 100% (상세 함량 별도 표기),폴리에틸렌 (내면),제조일로부터 45일,주식회사 링크에프엔비 (전남 장성군 나노산단로 172 2동 1544-3162),,,,,,,,,
이븐 블렌드,원두커피,,,,,,,코케 고객센터 070-4647-1868,,오드이븐,부산광역시 중구 중구로 29번길 7 오드이븐,주문접수 후 당일제조,제조일로부터 6개월 이내 권장,,원두커피 100%,,,,,,,200g / 1kg,,,,,,,,
돌담in애월,커피원두,,제조일로부터 1년,전면 별도 표기,200g / 1kg,,,코케 고객센터 070-4647-1868,"개봉 후 서늘한 곳에 밀폐하여 보관하시고, 되도록 공기와의 접촉을 피해야합니다.",,"제주시 애월읍 고내3길 14(애월공장), 서울시 마포구 월드컵북로 42다길 14(상암공장)",,,,,,,,,,,,커피원두 100%,주식회사 하늘에커피,,,,,,
44도 블렌드,원두커피,"55도 커피로스터스, 경기도 성남시 분당구 서현동 175-5번지",제조일로부터 24개월,전면 별도 표기,200g / 1kg,"직사광선을 피해 온도, 습도가 낮으며 통풍이 잘 되는 곳에 보관하십시오.",커피원두100%,코케 고객센터 070-4647-1868,,,,,,,,,,,,,,,,,,,,,,
디카페인 에티오피아 짐마,커피,"보사노바로스팅팩토리, 강원도 강릉시 경강로2660번길 7",제조일로부터 12개월,별도표시,200g / 1kg,,커피원두 100%,코케 고객센터 070-4647-1868,"직사광선과 습기를 피하여 서늘한 곳에 실온 보관 하며, 개봉한 후에는 빨리 드십시오.",,,,,,,,,,,,,,,,,,,,,
Zero WAVE : Ordinary,볶은커피,"뉴웨이브커피로스터스, 서울시 양천구 오목로 56길 2, 영원빌딩 103호",제조일로부터 12개월,제품하단부 표시,200g / 1kg,직사광선을 피하고 서늘한 곳에 보관하세요.,"콜롬비아 75%, 브라질 25%",코케 고객센터 070-4647-1868,,,,,,,,,,,,,,,,,,,,,,
과테말라 디카페인 마운틴워터 프로세스,볶은커피,"서울시 마포구 동교로22길 21,1층 리밀커피",제조일로부터 3개월 이내,주문일로부터 7일 이내,250g / 1kg,-,커피원두 100%(과테말라산),코케 고객센터 070-4647-1868,,,,,,,,,,,,,,,,,,,,,,
잘자요 디카페인,커피 원두,경기도 파주시 조리읍 고봉로 929 2층,제조일로부터 1년,주문일로부터 3일 이내,200g / 1kg,햇빛이 들지 않는 상온에 밀폐보관,커피,오프사이트 0507-1399-2781,,,,,,,,,,,,,,,,,,,,,,
에티오피아 리무 볼렌소,볶은커피,"베르크로스터스, 부산광역시 사상구 학감대로222번길 83, 2층",제조일로부터 1년,상품 후면 별도 표기,250g / 500g,건냉한 곳에 밀폐 보관,커피원두100%,코케 고객센터 070-4647-1868,,,,,,,,,,,,,,,,,,,,,,
젠틀레인 디카페인,원두커피,"브니엘컴퍼니, 서울시 양천구 가로공원로56길 27-1 1층 브니엘 커피 로스터스",제조일로부터 1년,상단에 표시,200g / 1kg,없음,아라비카 100%,코케 고객센터 070-4647-1868,,,,,,,,,,,,,,,,,,,,,,
에티오피아 G2 시다모 SW 디카프,커피 원두,"파주시 꽃아마길41, 디카프워크룸",제조일로부터 1년,제조일 별도 표기 (제품 뒷면),200g / 500g,직사광선을 피하고 밀봉하여 건조하고 서늘한 곳에 보관,커피원두 100%,코케 고객센터 070-4647-1868,,,,,,,,,,,,,,,,,,,,,,
하드워커,,,제조일로부터1년,,,,,코케 고객센터 070-4647-1868,건조하고 서늘한 곳에 보관,,,,,,,차군커피,,,별도표기,,,,,차군커피로스터스,커피원두100%,별도표기,경남 밀양시 가곡11길 4,제2017-0611180호,별도표기,제조일로부터 1개월
디카페인 에티오피아,커피,경기 고양시 일산동구 일산로372번길 30-5 1층,제조일로부터 1년,주문 확인 후 제조,1kg,,커피원두 100%,조바티커피 070-4203-6900,"직사광선을 피하고 온도, 습도가 낮으며 통풍이 잘 되는 곳에 밀폐 보관",,,,,,,,,,,,,,,,,,,,,
BACS 더스크 블렌드,커피,서울 서초구 효령로 74길 36 1층,제조일로부터 1년,주문 확인 후 제조,1kg,,커피원두 100%,BACS 010-3083-5636,"직사광선을 피하고 온도, 습도가 낮으며 통풍이 잘 되는 곳에 밀폐 보관",,,,,,,,,,,,,,,,,,,,,
화사한 빈도,커피 원두,서울특별시 양천구 목동중앙서로 33 1층 빈도 로스터스 커피,제조일로부터 1년,주문 확인 후 제조,1kg,,커피원두 100%,빈도 로스터스 커피 / 02-2643-2988,"직사광선을 피하고 온도, 습도가 낮으며 통풍이 잘 되는 곳에 밀폐 보관",,,,,,,,,,,,,,,,,,,,,
휴식 블랜드,커피,성덕정길 130,제조일로부터 1년,주문 확인 후 제조,1kg,,커피원두 100%,글루 01023160961,"직사광선을 피하고 온도, 습도가 낮으며 통풍이 잘 되는 곳에 밀폐 보관",,,,,,,,,,,,,,,,,,,,,
필베러,커피,"베러로스팅랩, 서울시 성동구 왕십리로6길 18-1, 1층",제조일로부터 2개월,주문시 로스팅,200g / 1kg,서늘한 곳에 상온보관,"커피원두 100%(브라질 30%, 콜롬비아 40%, 에티오피아 30%)",코케 고객센터 070-4647-1868,,,,,,,,,,,,,,,,,,,,,,
스트레토 블렌드,커피,"경기도 파주시 문산읍 사목로 69, 3동",제조일로부터 1년,주문 확인 후 제조,1kg,,커피원두 100%,스트레토 커피팩토리 01086790553,"직사광선을 피하고 온도, 습도가 낮으며 통풍이 잘 되는 곳에 밀폐 보관",,,,,,,,,,,,,,,,,,,,,
라까프 에스프레소 블렌드,커피,서울특별시 광진구 면목로 5-1 1층 102호,제조일로부터 1년,제조일 전면 표기,250g / 1kg,,커피원두 100%,라까프 070-8098-2019,"직사광선을 피하고 온도, 습도가 낮으며 통풍이 잘 되는 곳에 밀폐 보관",,,,,,,,,,,,,,,,,,,,,
302 블렌드,커피,경기도 하남시 덕풍북로6번길 122 전체,제조일로부터 1년,주문 확인 후 제조,1kg,,커피원두 100%,코케 고객센터 070-4647-1868,"직사광선을 피하고 온도, 습도가 낮으며 통풍이 잘 되는 곳에 밀폐 보관",,,,,,,,,,,,,,,,,,,,,
고독,커피,"오이르 경기도 부천시 양지로92번길9-3, 106호",제조일로부터 1년,주문 확인 후 제조,1kg,,커피원두 100%,오이르로스터스,"직사광선을 피하고 온도, 습도가 낮으며 통풍이 잘 되는 곳에 밀폐 보관",,,,,,,,,,,,,,,,,,,,,
콜롬비아 모틸론,커피,서울특별시 양천구 신정중앙로 32 1층 좌측호,제조일로부터 1년,주문 확인 후 제조,1kg,,커피원두 100%,저스트로스터 010-5632-5026,"직사광선을 피하고 온도, 습도가 낮으며 통풍이 잘 되는 곳에 밀폐 보관",,,,,,,,,,,,,,,,,,,,,
닻별,커피,경기도 양주시 은현면 봉암6길 25,제조일로부터 1년,주문 확인 후 제조,1kg,,커피원두 100%,올바른생각 010-3309-3120,"직사광선을 피하고 온도, 습도가 낮으며 통풍이 잘 되는 곳에 밀폐 보관",,,,,,,,,,,,,,,,,,,,,
그레이 포레스트,커피,서울 서초구 잠원로12길 6 현대아파트 상가 104호,제조일로부터 1년,주문 확인 후 제조,1kg,,커피원두 100%,로스터리 카페 스테이 010-9939-3710,"직사광선을 피하고 온도, 습도가 낮으며 통풍이 잘 되는 곳에 밀폐 보관",,,,,,,,,,,,,,,,,,,,,
캠프파이어 블렌드,커피,경기 수원시 팔달구 매산로 139-5,제조일로부터 1년,주문 확인 후 제조,1kg,,커피원두 100%,노스모크위드아웃파이어 010-7278-5547,"직사광선을 피하고 온도, 습도가 낮으며 통풍이 잘 되는 곳에 밀폐 보관",,,,,,,,,,,,,,,,,,,,,
자몽 블렌딩,볶은커피,경상남도 진주시 남강로 36 (판문동) 1층 플라워진양호점,제조일로부터 12개월 이내,주문일로부터 7일 이내,500g / 1kg,-,커피원두 100%,코케 고객센터 070-4647-1868,,,,,,,,,,,,,,,,,,,,,,
콜롬비아 E.A 디카페인,커피 원두,"인천 연수구 청명로 26, 디벨로핑룸",제조일로부터 1년,제조일 별도 표기 (제품 앞면),200g / 1kg,직사광선을 피하고 밀봉하여 건조하고 서늘한 곳에 보관,커피원두 100%,코케 고객센터 070-4647-1868,,,,,,,,,,,,,,,,,,,,,,
노네임블렌드,커피 원두,"(주)수수커피컴퍼니, 서울 강남구 강남대로 154길 24, 준영빌딩 1층 수수커피",제조일로부터 1년,제조일 별도 표기 (제품 뒷면),500g / 1kg,직사광선을 피하고 밀봉하여 건조하고 서늘한 곳에 보관,커피원두 100%,코케 고객센터 070-4647-1868,,,,,,,,,,,,,,,,,,,,,,
블랙가이 블랜드,커피,경기도 수원시 팔달구 창룡대로103번길 132,제조일로부터 1년,주문 확인 후 제조,1kg,,커피원두 100%,커피가이 070-4897-3440,"직사광선을 피하고 온도, 습도가 낮으며 통풍이 잘 되는 곳에 밀폐 보관",,,,,,,,,,,,,,,,,,,,,
일랑일랑 블렌드,커피,구리시 아차산로 432번길 18 201호,제조일로부터 1년,주문 확인 후 제조,1kg,,커피원두 100%,010-5134-1306,"직사광선을 피하고 온도, 습도가 낮으며 통풍이 잘 되는 곳에 밀폐 보관",,,,,,,,,,,,,,,,,,,,,
클래식 블렌드,커피,"엘카페커피로스터스, 서울시 영등포구 양평로21나길 7",제조일로부터 1년,제조일 별도표기,200g / 1kg,건냉한 곳에 밀폐보관,원두커피 100%,코케 고객센터 070-4647-1868,,,,,,,,,,,,,,,,,,,,,,
딥씨 블렌드,볶은 커피,"(주)502커피로스터스, 서울 금천구 가산디지털1로 159-20",제조일로부터 1년,별도표기,200g / 1kg,서늘한 곳에 밀폐보관,커피원두 100%,코케 고객센터 070-4647-1868,,,,,,,,,,,,,,,,,,,,,,
BACS 다크 블렌드,볶은커피,서울 서초구 효령로 74길 36,제조일로부터 10개월,별도 표기,200g / 1kg,-,아라비카 100%,코케 고객센터 070-4647-1868,,,,,,,,,,,,,,,,,,,,,,
도화 블렌드,커피,"보일링팟커피컴퍼니, 서울시 마포구 도화2길27 2층",제조일로부터 1개월,별도표기,200g / 1kg,직사광선을 피하고 밀봉하여 실온,"커피원두 100% (콜롬비아 50%, 과테말라 25%, 에티오피아 25%)",코케 고객센터 070-4647-1868,,,,,,,,,,,,,,,,,,,,,,
콜롬비아 디카페인 한국커피 셀렉션,볶은커피,"(주)한국커피, 경기도 오포읍 수레실길 144",제조일자로부터 1년,별도 표기,200g / 1kg,직사광선을 피하고 서늘하고 건조한 곳에 보관하십시오. 개봉 후 빨리 드시기 바랍니다.,원두커피 100%,코케 고객센터 070-4647-1868,,,,,,,,,,,,,,,,,,,,,,
알렉세이션,커피원두,"알렉스 더 커피, 경기도 용인시 처인구 백암면 백원로 472",제조일로부터 1년,제조일 별도 표기(제품 뒷면),200g,직사광선을 피하고 밀봉하여 건조하고 서늘한 곳에 보관,커피원두 100%,코케 고객센터 070-4647-1868,,,,,,,,,,,,,,,,,,,,,,
아헨 Aachen,커피,크레센도 커피로스터스 경기도 성남시 중원구 둔촌대로 400 스타우드 511호,제조일로부터 1년,별도표기,1kg,,커피원두 100%,크레센도 커피 로스터스 010-3386-5969,"직사광선을 피하고 온도, 습도가 낮으며 통풍이 잘 되는 곳에 밀폐 보관",,,,,,,,,,,,,,,,,,,,,
Blend N.4,원두,"스탠딩커피로스터스 (주), 서울시 용산구 이태원동 210-8번지",제조일로부터 3개월,별도 표기,200g / 1kg,직사광선 피하고 서늘한 곳,볶은원두 100%,코케 고객센터 070-4647-1868,,,,,,,,,,,,,,,,,,,,,,
딥 밸런스,커피,"주식회사 디카커피랩, 고양시 일산동구 은마길79번길 42",제조일로부터 1년,별도표기,1kg,서늘한 곳에 보관,"커피원두(브라질산 80%, 과테말라산 20%)",코케 고객센터 070-4647-1868,,,,,,,,,,,,,,,,,,,,,,
맛좋은커피블렌드,커피,경기도 성남시 중원구 둔촌대로 531 쌍용IT트윈타워 B동 901-2호,제조일로부터 1년,주문 확인 후 제조,1kg,,커피원두 100%,챁챁커피 031-736-0090,"직사광선을 피하고 온도, 습도가 낮으며 통풍이 잘 되는 곳에 밀폐 보관",,,,,,,,,,,,,,,,,,,,,
디카페인 콜롬비아,커피,경북 경산시 와촌면 갓바위로 67-2,제조일로부터 1년,주문 확인 후 제조,1kg,,커피원두 100%,선빌리지 커피 010-7463-0104,"직사광선을 피하고 온도, 습도가 낮으며 통풍이 잘 되는 곳에 밀폐 보관",,,,,,,,,,,,,,,,,,,,,
부릉부릉,커피,경기 군포시 경수대로 455 한솔테크노타운 7층 705-1호 올디스트커피트롤리 / 경기 군포시 고산로539번길 7-6 묘향롯데아파트상가 104호 올디스트커피,제조일로부터 1년,주문 확인 후 제조,1kg,,커피원두 100%,올디스트커피 경기 군포시 고산로539번길 7-6 묘향롯데아파트상가 104호 올디스트커피,"직사광선을 피하고 온도, 습도가 낮으며 통풍이 잘 되는 곳에 밀폐 보관",,,,,,,,,,,,,,,,,,,,,
콜롬비아 디카페인 에스프레소,커피,서울시 서초구 효령로 72길 57 E동 B101호 리플렉트커피,제조일로부터 10개월,주문시 로스팅,200g / 1kg,후면에 표기,커피원두 100%(콜롬비아 100%),코케 고객센터 070-4647-1868,,,,,,,,,,,,,,,,,,,,,,
F 블렌드,커피 원두,서울특별시 마포구 월드컵북로6길 88,제조일로부터 1년,별도표기,200g / 1kg,서늘한 곳에 보관,"커피 원두(브라질 60%, 콜롬비아 40%)",코케 고객센터 070-4647-1868,,,,,,,,,,,,,,,,,,,,,,
다크 아이보리 블렌드,원두커피,,,,,,,코케 고객센터 070-4647-1868,,180커피로스터스,경기도 성남시 분당구 문정로144번길 4,제품 별도 표기,제품 별도 표기,200g / 1kg,"원두커피 100% (콜롬비아 70%, 브라질 30%)",,,,,,,,,,,,,,,
프라이데이,,,제조일로부터 1년,후면별도표기,210g / 500g,실온에서 직사광선을 피해 서늘한 곳에 보관하세요.,"커피 100%(브라질 50%, 콜롬비아 30%, 에티오피아 20%)",코케 고객센터 070-4647-1868,,,,,,,,,,,,,,,,,,,,,,
컨트리사이드 디카페인 싱글오리진,커피,경기도 고양시 덕양구 행당로 1 4층 401호,제조일로부터 1년,주문 확인 후 제조,1kg,,커피원두 100%,컨트리사이드 010-6639-4576,"직사광선을 피하고 온도, 습도가 낮으며 통풍이 잘 되는 곳에 밀폐 보관",,,,,,,,,,,,,,,,,,,,,
다크 브라운,커피,"루비아 / 경기 성남시 사기막골로 124, 비즈동 1412호 루비아",제조일로부터 1년,주문 확인 후 제조,1kg,,커피원두 100%,루비아 커피 / 010-2942-3069,"직사광선을 피하고 온도, 습도가 낮으며 통풍이 잘 되는 곳에 밀폐 보관",,,,,,,,,,,,,,,,,,,,,
카넬리안 블렌드,커피,경기도 부천시 중동로356번길 6 필리그리커피,제조일로부터 1년,별도 표시,1kg,,커피원두 100%,필리그리커피 032-672-9127,"직사광선을 피하고 온도, 습도가 낮으며 통풍이 잘 되는 곳에 밀폐 보관",,,,,,,,,,,,,,,,,,,,,
브라운렄블렌드,커피,서울 강북구 한천로139가길 15 1층,제조일로부터 1년,주문 확인 후 제조,1kg,,커피원두 100%,칠복상회 010-6521-4889,"직사광선을 피하고 온도, 습도가 낮으며 통풍이 잘 되는 곳에 밀폐 보관",,,,,,,,,,,,,,,,,,,,,
더 블랙,커피,서울시 강동구 성내로 58 희성빌딩 3층,제조일로부터 1년,주문 확인 후 제조,1kg,,커피원두 100%,이알코퍼레이션 01033422398,"직사광선을 피하고 온도, 습도가 낮으며 통풍이 잘 되는 곳에 밀폐 보관",,,,,,,,,,,,,,,,,,,,,
디카페인 블렌딩,커피,서울 서대문구 연희로46-1,제조일로부터 1년,주문 확인 후 제조,1kg,,커피원두 100%,웨이즈커피 010-6434-8150,"직사광선을 피하고 온도, 습도가 낮으며 통풍이 잘 되는 곳에 밀폐 보관",,,,,,,,,,,,,,,,,,,,,
캄블렌드,커피,경기도 수원시 장안구 금당로90번길 38 이수팩토리,제조일로부터 1년,주문 확인 후 제조,1kg,,커피원두 100%,이수팩토리 01086348481,"직사광선을 피하고 온도, 습도가 낮으며 통풍이 잘 되는 곳에 밀폐 보관",,,,,,,,,,,,,,,,,,,,,
과테말라 안티구아 디카페인,커피,"리버벨, 서울시 관악구 남현 2길 18 1층",제조일부터 1년 이내,별도 표기,150g,상온 보관,원두커피 100%,코케 고객센터 070-4647-1868,,,,,,,,,,,,,,,,,,,,,,
클래식 실버 블렌드,커피,경기도 하남시 조정대로 150 (아이테코) 오렌지존 226호,제조일로부터 1년,주문 확인 후 제조,1kg,,커피원두 100%,전광수 커피 010-2936-0501,"직사광선을 피하고 온도, 습도가 낮으며 통풍이 잘 되는 곳에 밀폐 보관",,,,,,,,,,,,,,,,,,,,,
콜롬비아 엑셀소 EP 디카페인 마운틴 워터,원두커피,"커넥츠커피, 서울특별시 마포구 성지길 60, 1층(국제빌딩)",제조일로부터 12개월,주문일로부터 3일 이내,200g / 1kg,"직사광선을 피해 온도, 습도가 낮으며 통풍이 잘 되는 곳에 보관하십시오.",커피원두100%(콜롬비아 100%),코케 고객센터 070-4647-1868,,,,,,,,,,,,,,,,,,,,,,
디카페인 블렌드,커피원두,"충청북도 청주시 청원구 내수읍 충청대로 904, A동 하우트커피컴퍼니",제조일로부터 1개월,전면 별도 표기,200g / 1kg,공기가 들어가지 않도록 밀봉 또는 밀폐 용기에 담아 서늘한 그늘에 보관하십시오.,커피원두100%,코케 고객센터 070-4647-1868,,,,,,,,,,,,,,,,,,,,,,
고소한쌀밥 블렌딩,원두,"원더월 커피로스터스, 서울시 동대문구 답십리로 80 1층",제조일로 2개월,제품 표시,1kg,실온 보관,아라비카 생두 100%,코케 고객센터 070-4647-1868,,,,,,,,,,,,,,,,,,,,,,
브릴리,커피,"나무사이로, 경기도 성남시 분당구 석운로 33",제조일로부터 1년,별도표기,200g / 1kg,직사광선을 피하고 서늘하고 건조한 곳,아라비카 원두 100%,코케 고객센터 070-4647-1868,,,,,,,,,,,,,,,,,,,,,,
과테말라 산타펠리사 블루제이드,커피,"서울시 강서구 공항대로 164, 411",제조일로부터 1년,주문 확인 후 제조,500g / 1kg,,커피원두 100%,커스프 커피 010-3267-0430,"직사광선을 피하고 온도, 습도가 낮으며 통풍이 잘 되는 곳에 밀폐 보관",,,,,,,,,,,,,,,,,,,,,
메리 옐로우,커피,서울특별시 영등포구 문래로 20길 60 501호,제조일로부터 1년,주문 확인 후 제조,1kg,,커피원두 100%,블랙빈스 010-5684-2955,"직사광선을 피하고 온도, 습도가 낮으며 통풍이 잘 되는 곳에 밀폐 보관",,,,,,,,,,,,,,,,,,,,,
노 피어,커피,서울특별시 성동구 광나루로4가길 28 1층,제조일로부터 1년,주문 확인 후 제조,1kg,,커피원두 100%,피어 커피로스터스 010-4501-1464,"직사광선을 피하고 온도, 습도가 낮으며 통풍이 잘 되는 곳에 밀폐 보관",,,,,,,,,,,,,,,,,,,,,
호이스트,커피,"[폰트오피스] 경기도 파주시 탄현면 소리개길 164-17, 3동",제조일로부터 1년,주문일로부터 7일이내,200g / 1kg,직사광선을 피하고 밀봉하여 실온보관,"커피원두 100%(온두라스 65%, 에티오피아 35%)",[폰트오피스] 031-946-8549,,,,,,,,,,,,,,,,,,,,,,
Decaffeinated Blend,볶은커피,"(주)펠트, 경기도 고양시 덕양구 덕은동 74-1 1층",제조일로 부터 1년,후면별도표시,200g / 1kg,서늘한 곳에 밀폐보관,커피원두 100%,코케 고객센터 070-4647-1868,,,,,,,,,,,,,,,,,,,,,,
콜롬비아 수프리모,커피,서가로스터리 (충남 논산시 연산면 황룡재로 65 2층 서가로스터리 1사무실),제조일로부터 1년,주문 확인 후 제조,1kg,,커피원두 100%,서가로스터리 01063083067,"직사광선을 피하고 온도, 습도가 낮으며 통풍이 잘 되는 곳에 밀폐 보관",,,,,,,,,,,,,,,,,,,,,
콜롬비아 디카페인,커피,서울 중구 필동로 32 낙원빌딩 1층,제조일로부터 1년,주문 확인 후 제조,1kg,,커피원두 100%,헤베커피 010-5295-5742,"직사광선을 피하고 온도, 습도가 낮으며 통풍이 잘 되는 곳에 밀폐 보관",,,,,,,,,,,,,,,,,,,,,
크로마 블렌드,커피,부산광역시 중구 중앙대로29번길 6,제조일로부터 1년,주문 확인 후 제조,1kg,,커피원두 100%,연경재 010-6662-4474,"직사광선을 피하고 온도, 습도가 낮으며 통풍이 잘 되는 곳에 밀폐 보관",,,,,,,,,,,,,,,,,,,,,
디카페인,커피,경기도 고양시 덕양구 행신동 741-17 1층,제조일로부터 1년,주문 확인 후 제조,1kg,,커피원두 100%,커피네츄럴스페셜티 01090945303,"직사광선을 피하고 온도, 습도가 낮으며 통풍이 잘 되는 곳에 밀폐 보관",,,,,,,,,,,,,,,,,,,,,
타이거릴리,커피,서울 강동구 성내로14길 37 1층,제조일로부터 1년,주문 확인 후 제조,1kg,,커피원두 100%,애크로매틱 커피 컴퍼니 010-4737-1664,"직사광선을 피하고 온도, 습도가 낮으며 통풍이 잘 되는 곳에 밀폐 보관",,,,,,,,,,,,,,,,,,,,,
Decaf 디카페인,커피,경기 고양시 덕양구 의장로 29-31 1층,제조일로부터 1년,주문 확인 후 제조,1kg,,커피원두 100%,클라리멘토 010-9290-5005,"직사광선을 피하고 온도, 습도가 낮으며 통풍이 잘 되는 곳에 밀폐 보관",,,,,,,,,,,,,,,,,,,,,
센스 앤 센서빌리티,커피,"커피몽타주, 경기도 하남시 미사동로40번길 137",제조일로부터 3개월까지(실온상태),상품 후면에 별도 표기,200g / 1kg,직사광선을 피하고 서늘한 곳에 보관하십시오.,"커피원두 100% (에티오피아 50%, 케냐 50%)",코케 고객센터 070-4647-1868,,,,,,,,,,,,,,,,,,,,,,
콜롬비아 디카페인,커피(볶은커피),"(주)핸디엄, 경기도 여주시 세종대왕면 상동길 68",제조일로부터 12개월,상단 표기일,140g / 1kg,"직사광선을 피하고 온도, 습도가 낮으며 통풍이 잘 되는 곳에 보관하여 주십시오.",커피원두 100% (콜롬비아산 100%),핸디엄 고객센터 1599-2681,,,,,,,,,,,,,,,,,,,,,,
레이크 맥켄지,커피,"경기도 성남시 중원구 사기막골로 124, skn테크노파크 메가센터 1411호, (주)프레이저커피",제조일로부터 1년,주문시 로스팅,200g / 1kg,실온보관,"커피원두 100%(에티오피아70%, 과테말라30%)",코케 고객센터 070-4647-1868,,,,,,,,,,,,,,,,,,,,,,
블랙 앤 모어,커피,"서울시 강남구 봉은사로 68길 41, 1층",제조일로부터 1년,주문일로부터 3일이내,200g / 1kg,직사광선을 피하고 밀봉하여 실온보관,"커피원두 100%(브라질, 콜롬비아, 과테말라)",코케 고객센터 070-4647-1868,,,,,,,,,,,,,,,,,,,,,,
헬로 다크니스,커피,"커피 앰비언스, 서울시 송파구 송이로17길 51 (1층, 가락동)",제조일로부터 1년,제조일 별도표기,200g / 1kg,서늘한 곳에 보관,볶은커피 100%,코케 고객센터 070-4647-1868,,,,,,,,,,,,,,,,,,,,,,
에티오피아 구지 우라가,커피,"웨이브온커피, 부산광역시 기장군 장안읍 해맞이로 286",제조일로부터 1년,별도 표시,200g / 1kg,밀봉 후 직사광선을 피하여 실온 보관,커피원두100%,코케 고객센터 070-4647-1868,,,,,,,,,,,,,,,,,,,,,,
디카프 슬럽,디카페인 커피,광주 동구 준법로 14 1층 슬러핀커피로스터스,제조일로부터 1년,주문 확인 후 제조,1kg,,커피원두 100%,슬러핀 커피 010-2031-5959,"직사광선을 피하고 온도, 습도가 낮으며 통풍이 잘 되는 곳에 밀폐 보관",,,,,,,,,,,,,,,,,,,,,
다크 클로,커피,"제조원 앤써커피:경기도 일산서구 고양시 주엽동81 뉴서울프라자 3층, 매장 앤써커피 역삼:서울특별시 강남구 논현로 85길 5-12 1층",제조일로부터 1년,주문 확인 후 제조,1kg,,커피원두 100%,앤써커피 010-4064-3852,"직사광선을 피하고 온도, 습도가 낮으며 통풍이 잘 되는 곳에 밀폐 보관",,,,,,,,,,,,,,,,,,,,,
콜린,원두 커피,"영앤도터스, 서울 마포구 마포대로 156 공덕 프루지오시티 1층 107호",제조일로부터 1년(권장기한 제조일로부터 1달),제조일 별도 표기,200g / 1kg,직사광선을 피하고 밀봉하여 건조하고 서늘한 곳에 보관,"원두 커피(코스타리카 30%, 콜롬비아 40%, 인도 30%)",코케 고객센터 070-4647-1868,,,,,,,,,,,,,,,,,,,,,,
포세이돈 블렌딩,커피,라메르판지 비앤알 / 울산광역시 북구 판지1길 30(지상 2~3층 구유동),제조일로부터 1년,주문 확인 후 제조,1kg,,커피원두 100%,라메르판지비앤알 0522928787,"직사광선을 피하고 온도, 습도가 낮으며 통풍이 잘 되는 곳에 밀폐 보관",,,,,,,,,,,,,,,,,,,,,
댐 굳 블렌드,커피,"인천시 부평구 부평대로 337, 1031호",제조일로부터 1년,주문 확인 후 제조,1kg,,커피원두 100%,놈코어 커피 01049722312,"직사광선을 피하고 온도, 습도가 낮으며 통풍이 잘 되는 곳에 밀폐 보관",,,,,,,,,,,,,,,,,,,,,
BURUNDI ROYAL BEATS(부룬디 로얄 비츠),볶은 커피,서울특별시 강남구 선릉로 570 1층,제조일로부터 1년,상품 후면 표기,200g,,커피원두 100%,마그마커피 070-7599-2210,습기 및 직사광선을 피하고 서늘한 장소에 보관하십시오.,,,,,,,,,,,,,,,,,,,,,
빈야도르 블렌드,커피,"싸인포스트커피, 서울시 동작구 솔밭로 97-6",제조일로부터 6개월,제조일 별도 표기,200g / 1kg,해당없음,볶은 커피 100%,코케 고객센터 070-4647-1868,,,,,,,,,,,,,,,,,,,,,,
보이져,원두,Steamerscoffee,제조일로부터 2달 이내,상품 뒷면 참조,200g / 1kg,직사광선을 피하고 밀봉하여 건조하고 서늘한 곳에 보관,Ethiopia 60% + Honduras 40%,코케 고객센터 070-4647-1868,,,,,,,,,,,,,,,,,,,,,,
D1,커피,경기도 화성시 동탄지성로 306번길 68,제조일로부터 1년,주문 확인 후 제조,1kg,,커피원두 100%,운조커피 010-4535-8819,"직사광선을 피하고 온도, 습도가 낮으며 통풍이 잘 되는 곳에 밀폐 보관",,,,,,,,,,,,,,,,,,,,,
Enak 블렌딩,커피,경기 고양시 일산동구 장대길 75-53 나동 1층 JMD Coffee Factory,제조일로부터 1년,주문 확인 후 제조,1kg,,커피원두 100%,제이엠디커피팩토리 010-9903-8794,"직사광선을 피하고 온도, 습도가 낮으며 통풍이 잘 되는 곳에 밀폐 보관",,,,,,,,,,,,,,,,,,,,,
2시 15분,커피,서울시 광진구 자양동 79-2 2층,제조일로부터 1년,주문 확인 후 제조,1kg,,커피원두 100%,아드프커피로스터스,"직사광선을 피하고 온도, 습도가 낮으며 통풍이 잘 되는 곳에 밀폐 보관",,,,,,,,,,,,,,,,,,,,,
초코블라썸 블랜드,커피,경북 구미시 산동읍 첨단기업1로 42,제조일로부터 1년,주문 확인 후 제조,1kg,,커피원두 100%,퍼블릭 커피 로스터즈 010-9328-0036,"직사광선을 피하고 온도, 습도가 낮으며 통풍이 잘 되는 곳에 밀폐 보관",,,,,,,,,,,,,,,,,,,,,
버밀리온 블렌딩,커피,"올인커피 / 서울특별시 강서구 공항대로 212, A동 501호",제조일로부터 1년,주문 확인 후 제조,1kg,,커피원두 100%,올인커피 010-7636-6916,"직사광선을 피하고 온도, 습도가 낮으며 통풍이 잘 되는 곳에 밀폐 보관",,,,,,,,,,,,,,,,,,,,,
시그니처블렌드 S,커피,로컬커피로스터스. 경기도 김포시 양촌읍 불당로 92-10,제조일로부터 1년,주문 확인 후 제조,1kg,,커피원두 100%,로컬커피 로스터스 01025550698,"직사광선을 피하고 온도, 습도가 낮으며 통풍이 잘 되는 곳에 밀폐 보관",,,,,,,,,,,,,,,,,,,,,
삼척블렌드,커피,"보사노바로스팅팩토리, 강원도 강릉시 경강로2660번길 7",제조일로부터 12개월,별도표시,1kg,,커피원두 100%,코케 고객센터 070-4647-1868,"직사광선과 습기를 피하여 서늘한 곳에 실온 보관 하며, 개봉한 후에는 빨리 드십시오.",,,,,,,,,,,,,,,,,,,,,
멕시코 디카페인,볶은커피,"뉴웨이브커피로스터스, 서울시 양천구 오목로 56길 2, 영원빌딩 103호",제조일로부터 12개월,제품하단부 표시,200g / 400g,직사광선을 피하고 서늘한 곳에 보관하세요.,멕시코 100%,코케 고객센터 070-4647-1868,,,,,,,,,,,,,,,,,,,,,,
콜롬비아 엘 카르멘 디카프,커피원두,서울특별시 용산구 이태원로49길 24,제조일로부터 1년,제조일 별도 표기(제품 뒷면),250g,직사광선을 피하고 밀봉하여 건조하고 서늘한 곳에 보관,커피원두 100%,코케 고객센터 070-4647-1868,,,,,,,,,,,,,,,,,,,,,,
하드워커,,,제조일로부터1년,,,,,코케 고객센터 070-4647-1868,건조하고 서늘한 곳에 보관,,,,,,,차군커피,,,별도표기,,,,,차군커피로스터스,커피원두100%,별도표기,경남 밀양시 가곡11길 4,제2017-0611180호,별도표기,제조일로부터 1개월
바이올렛 블렌딩 커피,커피,"전라남도 장성군 진원면 나노산단2로 52, 205호",제조일로부터 1년,주문 확인 후 제조,1kg,,커피원두 100%,링크 커피 로스터스 010-5035-1425,"직사광선을 피하고 온도, 습도가 낮으며 통풍이 잘 되는 곳에 밀폐 보관",,,,,,,,,,,,,,,,,,,,,
에티오피아 예가체프 아리차 에이미 G1 내츄럴,커피,경기도 부천시 소사구 호현로 489,제조일로부터 1년,주문 확인 후 제조,200g / 500g,,커피원두 100%,카페소소한사치 010-9340-4364,"직사광선을 피하고 온도, 습도가 낮으며 통풍이 잘 되는 곳에 밀폐 보관",,,,,,,,,,,,,,,,,,,,,
포스트업,커피,"히떼로스터리, 경상남도 밀양시 삼랑진읍 행곡로 16",제조일로부터 6개월,별도표시,200g,건냉한 곳에 밀폐보관,커피 원두100%,코케 고객센터 070-4647-1868,,,,,,,,,,,,,,,,,,,,,,
젠틀레인,원두커피,"브니엘컴퍼니, 서울시 양천구 가로공원로56길 27-1 1층 브니엘 커피 로스터스",제조일로부터 1년,상단에 표시,250g / 1kg,없음,"브라질 50%, 에티오피아 50%",코케 고객센터 070-4647-1868,,,,,,,,,,,,,,,,,,,,,,
구스토 블렌드,커피,경기도 파주시 문산읍 사목로 69번지 3동,제조일로부터 1년,주문 확인 후 제조,1kg,,커피원두 100%,스트레토 커피팩토리 01086790553,"직사광선을 피하고 온도, 습도가 낮으며 통풍이 잘 되는 곳에 밀폐 보관",,,,,,,,,,,,,,,,,,,,,
"LIGHT,LIGHTER 에티오피아 하마쇼 내추럴",커피,서울특별시 관악구 조원로 2길 7 1층,제조일로부터 1년,주문 확인 후 제조,1kg,,커피원두 100%,카페플롬 010-4155-8282,"직사광선을 피하고 온도, 습도가 낮으며 통풍이 잘 되는 곳에 밀폐 보관",,,,,,,,,,,,,,,,,,,,,
모노톤,볶은 커피,"그럼블커피, 경기도 하남시 감북동 감초로 45-13",제조일로부터 6개월,상단 별도 표기,상단 별도 표기,직사광선을 피하고 서늘한 곳에 밀폐보관,커피원두 100%,코케 고객센터 070-4647-1868,,,,,,,,,,,,,,,,,,,,,,
리들리,커피원두,"식물학커피로스터스, 서울특별시 용산구 서빙고로67길 21 2층",제조일로부터 1년,제조일 별도 표기(제품 뒷면),250g / 1kg,직사광선을 피하고 밀봉하여 건조하고 서늘한 곳에 보관,커피원두 100%,코케 고객센터 070-4647-1868,,,,,,,,,,,,,,,,,,,,,,
랑케블랙,커피,경기 안산시 단원구 산단로 296 522호,제조일로부터 1년,주문 확인 후 제조,1kg,,커피원두 100%,랑케커피 01089630224,"직사광선을 피하고 온도, 습도가 낮으며 통풍이 잘 되는 곳에 밀폐 보관",,,,,,,,,,,,,,,,,,,,,
화사한 빈도,커피 원두,서울특별시 양천구 목동중앙서로 33 1층 빈도 로스터스 커피,제조일로부터 1년,주문 확인 후 제조,1kg,,커피원두 100%,빈도 로스터스 커피 / 02-2643-2988,"직사광선을 피하고 온도, 습도가 낮으며 통풍이 잘 되는 곳에 밀폐 보관",,,,,,,,,,,,,,,,,,,,,
에티오피아 카욘 마운틴 내추럴,커피,성덕정길 130,제조일로부터 1년,주문 확인 후 제조,1kg,,커피원두 100%,글루 01023160961,"직사광선을 피하고 온도, 습도가 낮으며 통풍이 잘 되는 곳에 밀폐 보관",,,,,,,,,,,,,,,,,,,,,
뷰블렌드,커피,바다뷰커피공장 / 강원도 양양,제조일로부터 1년,주문 확인 후 제조,1kg,,커피원두 100%,바다뷰 커피공장 010-9969-3824,"직사광선을 피하고 온도, 습도가 낮으며 통풍이 잘 되는 곳에 밀폐 보관",,,,,,,,,,,,,,,,,,,,,
BACS 더스크 블렌드,커피,서울 서초구 효령로 74길 36 1층,제조일로부터 1년,주문 확인 후 제조,1kg,,커피원두 100%,BACS 010-3083-5636,"직사광선을 피하고 온도, 습도가 낮으며 통풍이 잘 되는 곳에 밀폐 보관",,,,,,,,,,,,,,,,,,,,,
호수 블렌드,커피,디그리,제조일로부터 1년,주문 확인 후 제조,1kg,,커피원두 100%,디그리 01031660563,"직사광선을 피하고 온도, 습도가 낮으며 통풍이 잘 되는 곳에 밀폐 보관",,,,,,,,,,,,,,,,,,,,,
콜롬비아 비야라조 민트,커피,경기도 파주시 조리읍 고봉로 929 2층,제조일로부터 1년,주문 확인 후 제조,1kg,,커피원두 100%,오프사이트 0507-1399-2781,"직사광선을 피하고 온도, 습도가 낮으며 통풍이 잘 되는 곳에 밀폐 보관",,,,,,,,,,,,,,,,,,,,,
디카페인 원두 (브라질),커피,"인천 서구 가정로261번길 7 101~102호(석남동, 인천플러스)",제조일로부터 1년,주문 확인 후 제조,1kg,,커피원두 100%,이보크 010-9290-1646,"직사광선을 피하고 온도, 습도가 낮으며 통풍이 잘 되는 곳에 밀폐 보관",,,,,,,,,,,,,,,,,,,,,
에티오피아 시다모 문타샤,커피,서울특별시 용산구 갈월동 5-67,제조일로부터 1년,주문 확인 후 제조,1kg,,커피원두 100%,커피볶는곰 0262422113,"직사광선을 피하고 온도, 습도가 낮으며 통풍이 잘 되는 곳에 밀폐 보관",,,,,,,,,,,,,,,,,,,,,
명지바람,커피,경기도 양주시 은현면 봉암6길 25,제조일로부터 1년,주문 확인 후 제조,1kg,,커피원두 100%,올바른생각 010-3309-3120,"직사광선을 피하고 온도, 습도가 낮으며 통풍이 잘 되는 곳에 밀폐 보관",,,,,,,,,,,,,,,,,,,,,
조바티 클래식 블렌드,커피,"경기도 고양시 일산동구 일산로 372번길 30-5, 1층",제조일로부터 1년,주문 확인 후 제조,1kg,,커피원두 100%,조바티커피,"직사광선을 피하고 온도, 습도가 낮으며 통풍이 잘 되는 곳에 밀폐 보관",,,,,,,,,,,,,,,,,,,,,
에티오피아 예가체프 첼베사 워시드,커피,"대구광역시 수성구 청솔로 57, 1층",제조일로부터 1년,주문 확인 후 제조,200g,,커피원두 100%,흐드러진커피 01046819876,"직사광선을 피하고 온도, 습도가 낮으며 통풍이 잘 되는 곳에 밀폐 보관",,,,,,,,,,,,,,,,,,,,,
피크 블렌드,커피,전라남도 나주시 우정로 10 게토33 나동 A101~108호,제조일로부터 1년,주문 확인 후 제조,1kg,,커피원두 100%,헬퍼 스튜디오 010-2918-9270,"직사광선을 피하고 온도, 습도가 낮으며 통풍이 잘 되는 곳에 밀폐 보관",,,,,,,,,,,,,,,,,,,,,
커튼콜,커피,제주 제주시 한경면 용금로 442 / CRACKERS COFFEE ROASTERS,제조일로부터 1년,주문 확인 후 제조,1kg,,커피원두 100%,크래커스 커피 로스터스 010-2605-1001,"직사광선을 피하고 온도, 습도가 낮으며 통풍이 잘 되는 곳에 밀폐 보관",,,,,,,,,,,,,,,,,,,,,
Parachute (패러슈트),커피,서울시 관악구 은천로 39,제조일로부터 1년,주문 확인 후 제조,1kg,,커피원두 100%,UFO 커피로스터스 010-4240-8455,"직사광선을 피하고 온도, 습도가 낮으며 통풍이 잘 되는 곳에 밀폐 보관",,,,,,,,,,,,,,,,,,,,,
라까프 에스프레소 블렌드,커피,서울특별시 광진구 면목로 5-1 1층 102호,제조일로부터 1년,제조일 전면 표기,250g / 1kg,,커피원두 100%,라까프 070-8098-2019,"직사광선을 피하고 온도, 습도가 낮으며 통풍이 잘 되는 곳에 밀폐 보관",,,,,,,,,,,,,,,,,,,,,
에스프레션,커피,"서울특별시 강남구 학동로 107, 5층",제조일로부터 1년,주문 확인 후 제조,500g/1kg,,커피원두 100%,커피루소 02-2056-7619,"직사광선을 피하고 온도, 습도가 낮으며 통풍이 잘 되는 곳에 밀폐 보관",,,,,,,,,,,,,,,,,,,,,
핸디엄 밸런스 원두 다크 5kg,커피,서울특별시 강남구 영동대로106길 37,제조일로부터 1년,주문 확인 후 제조,500g x 10ea,,"커피원두 100% (브라질산 50%, 콜롬비아산 30%, 과테말라산 20%)",핸디엄 1599-2681,"직사광선을 피하고 온도, 습도가 낮으며 통풍이 잘 되는 곳에 밀폐 보관",,,,,,,,,,,,,,,,,,,,,
블랙 블렌드,커피,경기 남양주시 불암로109번길 4-29 (별내동) 1층 레인디어커피,제조일로부터 1년,주문 확인 후 제조,1kg,,커피원두 100%,레인디어커피컴퍼니 010-3976-1590,"직사광선을 피하고 온도, 습도가 낮으며 통풍이 잘 되는 곳에 밀폐 보관",,,,,,,,,,,,,,,,,,,,,
올드스쿨(Old School),커피,서울시 중랑구 신내역로 111 SKV1 센터,제조일로부터 1년,주문 확인 후 제조,1kg,,커피원두 100%,그린마일커피,"직사광선을 피하고 온도, 습도가 낮으며 통풍이 잘 되는 곳에 밀폐 보관",,,,,,,,,,,,,,,,,,,,,
시그니처 블랜드 언타이틀드,커피,서울특별시 성동구 아차산로17길 48 SK V1CENTER 401호,제조일로부터 1년,주문일 기준 2주 내 로스팅 상품 출고,1kg,,커피원두 100%,라운지엑스 070-5161-0005,"직사광선을 피하고 온도, 습도가 낮으며 통풍이 잘 되는 곳에 밀폐 보관",,,,,,,,,,,,,,,,,,,,,
허니서클 블렌드,커피,구리시 아차산로 432번길 18 201호,제조일로부터 1년,주문 확인 후 제조,1kg,,커피원두 100%,놈코어커피 010-5134-1306,"직사광선을 피하고 온도, 습도가 낮으며 통풍이 잘 되는 곳에 밀폐 보관",,,,,,,,,,,,,,,,,,,,,
과테말라 파노라마,커피,서울시 관악구 은천로 39,제조일로부터 1년,주문 확인 후 제조,1kg,,커피원두 100%,UFO 커피로스터스 010-4240-8455,"직사광선을 피하고 온도, 습도가 낮으며 통풍이 잘 되는 곳에 밀폐 보관",,,,,,,,,,,,,,,,,,,,,
콜롬비아 모틸론,커피,서울특별시 양천구 신정중앙로 32 1층 좌측호,제조일로부터 1년,주문 확인 후 제조,1kg,,커피원두 100%,저스트로스터 010-5632-5026,"직사광선을 피하고 온도, 습도가 낮으며 통풍이 잘 되는 곳에 밀폐 보관",,,,,,,,,,,,,,,,,,,,,
포트리스 블렌드,커피,경기 수원시 팔달구 매산로 139-5,제조일로부터 1년,주문 확인 후 제조,1kg,,커피원두 100%,노스모크위드아웃파이어 010-2979-2040,"직사광선을 피하고 온도, 습도가 낮으며 통풍이 잘 되는 곳에 밀폐 보관",,,,,,,,,,,,,,,,,,,,,
콜롬비아 디카페인,커피원두,,제조일로부터 1년,전면 별도 표기,200g / 1kg,,,코케 고객센터 070-4647-1868,"개봉 후 서늘한 곳에 밀폐하여 보관하시고, 되도록 공기와의 접촉을 피해야합니다.",,"제주시 애월읍 고내3길 14(애월공장), 서울시 마포구 월드컵북로 42다길 14(상암공장)",,,,,,,,,,,,커피원두 100%,주식회사 하늘에커피,,,,,,
BEIGE 블랜드,가공 원두,,,,,,,코케 고객센터 070-4647-1868,,컬러드 빈,서울시 서대문구 연희동,주문일로 3일이내,제조일로부터 6개월,200g/1kg,로스팅 되어진 원두,베이지블랜드,,,,,,,,,,,,,,
피크 블렌드,원두커피,,,,,,,코케 고객센터 070-4647-1868,,오드이븐,부산광역시 중구 중구로 29번길 7 오드이븐,주문접수 후 당일제조,제조일로부터 6개월 이내 권장,,원두커피 100%,,,,,,,200g / 1kg,,,,,,,,
커피가이 블렌드,커피,경기도 수원시 팔달구 창룡대로103번길 132,제조일로부터 1년,주문 확인 후 제조,1kg,,커피원두 100%,커피가이 010-9507-2095,"직사광선을 피하고 온도, 습도가 낮으며 통풍이 잘 되는 곳에 밀폐 보관",,,,,,,,,,,,,,,,,,,,,
블렌드 루트 블랙,커피,리프커피,제조일로부터 6개월,주문 확인 후 제조,1kg,,커피원두 100%,서울특별시 송파구 법원로 114 B동 106호 리프커피 02-2088-4341,"직사광선을 피하고 온도, 습도가 낮으며 통풍이 잘 되는 곳에 밀폐 보관",,,,,,,,,,,,,,,,,,,,,
과테말라 SHB SW 디카프,커피 원두,"파주시 꽃아마길41, 디카프워크룸",제조일로부터 1년,제조일 별도 표기 (제품 뒷면),200g / 500g,직사광선을 피하고 밀봉하여 건조하고 서늘한 곳에 보관,커피원두 100%,코케 고객센터 070-4647-1868,,,,,,,,,,,,,,,,,,,,,,
리밀 블렌드,볶은커피,"서울시 마포구 동교로22길 21,1층 리밀커피",제조일로부터 3개월 이내,주문일로부터 7일 이내,200g / 1kg,-,"커피원두 100%(브라질산, 인도산)",코케 고객센터 070-4647-1868,,,,,,,,,,,,,,,,,,,,,,
33도 블렌드,원두커피,"55도 커피로스터스, 경기도 성남시 분당구 서현동 175-5번지",제조일로부터24개월,전면 별도 표기,200g / 1kg,"직사광선을 피해 온도, 습도가 낮으며 통풍이 잘 되는 곳에 보관하십시오.",커피원두100%,코케 고객센터 070-4647-1868,,,,,,,,,,,,,,,,,,,,,,
ESPRESSO 3s,볶은커피,"(주)한국커피, 경기도 오포읍 수레실길 144",제조일자로부터 1년,별도 표기,200g / 1kg,직사광선을 피하고 서늘하고 건조한 곳에 보관하십시오. 개봉 후 빨리 드시기 바랍니다.,원두커피 100%,코케 고객센터 070-4647-1868,,,,,,,,,,,,,,,,,,,,,,
자몽 블렌딩,볶은커피,경상남도 진주시 남강로 36 (판문동) 1층 플라워진양호점,제조일로부터 12개월 이내,주문일로부터 7일 이내,500g / 1kg,-,커피원두 100%,코케 고객센터 070-4647-1868,,,,,,,,,,,,,,,,,,,,,,
인도 마이소르 너겟 엑스트라 볼드,커피,"베러로스팅랩, 서울시 성동구 왕십리로6길 18-1, 1층",제조일로부터 2개월,주문시 로스팅,200g,후면에 표기,커피원두 100%(인도100%),코케 고객센터 070-4647-1868,,,,,,,,,,,,,,,,,,,,,,
BACS 다크 블렌드,볶은커피,서울 서초구 효령로 74길 36,제조일로부터 10개월,별도 표기,200g / 1kg,-,아라비카 100%,코케 고객센터 070-4647-1868,,,,,,,,,,,,,,,,,,,,,,
디 카페인 블렌드,커피,"보일링팟커피컴퍼니, 서울시 마포구 도화2길27 2층",제조일로부터 1개월,별도표기,200g / 1kg,직사광선을 피하고 밀봉하여 실온,"커피원두 100% (콜롬비아 50%, 과테말라 50%)",코케 고객센터 070-4647-1868,,,,,,,,,,,,,,,,,,,,,,
나폴리,커피,경상북도 경산시 와촌면 갓바위로 67-2(와촌면) (우:38400),제조일로부터 1년,주문일로부터 7일이내,200g / 1kg,직사광선을 피하고 밀봉하여 실온보관,"커피원두 100%(브라질 40%, 콜롬비아 40%, 에티오피아 20%)",코케 고객센터 070-4647-1868,,,,,,,,,,,,,,,,,,,,,,
콜롬비아 디카페인,원두,"스탠딩커피로스터스 (주), 서울시 용산구 이태원동 210-8번지",제조일로부터 3개월,별도 표기,200g / 1kg,직사광선 피하고 서늘한 곳,볶은원두 100%,코케 고객센터 070-4647-1868,,,,,,,,,,,,,,,,,,,,,,
클래식 블렌드,커피,"엘카페커피로스터스, 서울시 영등포구 양평로21나길 7",제조일로부터 1년,제조일 별도표기,200g / 1kg,건냉한 곳에 밀폐보관,원두커피 100%,코케 고객센터 070-4647-1868,,,,,,,,,,,,,,,,,,,,,,
램블 블렌드,볶은 커피,"(주)502커피로스터스, 서울 금천구 가산디지털1로 159-20",제조일로부터 1년,별도표기,200g / 1kg,서늘한 곳에 밀폐보관,커피원두 100% (에티오피아100%),코케 고객센터 070-4647-1868,,,,,,,,,,,,,,,,,,,,,,
스모키쿼츠 블렌드,커피,경기도 부천시 중동로356번길 6 필리그리커피,제조일로부터 1년,주문 확인 후 제조,1kg,,커피원두 100%,필리그리커피 032-672-9127,"직사광선을 피하고 온도, 습도가 낮으며 통풍이 잘 되는 곳에 밀폐 보관",,,,,,,,,,,,,,,,,,,,,
시티섬머블루스 시즈널블랜드,커피,경기도 고양시 덕양구 행당로1 4층 401호,제조일로부터 1년,주문 확인 후 제조,1kg,,커피원두 100%,컨트리사이드,"직사광선을 피하고 온도, 습도가 낮으며 통풍이 잘 되는 곳에 밀폐 보관",,,,,,,,,,,,,,,,,,,,,
아이스브레이커,,,제조일로부터 1년,후면별도표기,210g / 500g,실온에서 직사광선을 피해 서늘한 곳에 보관하세요.,"커피 100%(콜롬비아 50%, 브라질 50%)",코케 고객센터 070-4647-1868,,,,,,,,,,,,,,,,,,,,,,
시그니처 화이트,커피,서울시 강동구 성내로 58 희성빌딩 3층,제조일로부터 1년,주문 확인 후 제조,1kg,,커피원두 100%,이알코퍼레이션 01033422398,"직사광선을 피하고 온도, 습도가 낮으며 통풍이 잘 되는 곳에 밀폐 보관",,,,,,,,,,,,,,,,,,,,,
하우스블렌드,커피,경기도 성남시 중원구 둔촌대로 531 쌍용IT트윈타워 B동 901-2호,제조일로부터 1년,주문 확인 후 제조,1kg,,커피원두 100%,챁챁커피 031-736-0090,"직사광선을 피하고 온도, 습도가 낮으며 통풍이 잘 되는 곳에 밀폐 보관",,,,,,,,,,,,,,,,,,,,,
블루문,커피,"루비아 / 경기 성남시 사기막골로 124, 비즈동 1412호 루비아",제조일로부터 1년,주문 확인 후 제조,1kg,,커피원두 100%,루비아 커피 / 010-2942-3069,"직사광선을 피하고 온도, 습도가 낮으며 통풍이 잘 되는 곳에 밀폐 보관",,,,,,,,,,,,,,,,,,,,,
아이보리 블렌드,원두커피,,,,,,,코케 고객센터 070-4647-1868,,180커피로스터스,경기도 성남시 분당구 문정로144번길 4,제품 별도 표기,제품 별도 표기,200g / 1kg,"원두커피 100% (콜롬비아 70%, 브라질 30%)",,,,,,,,,,,,,,,
과테말라 산타펠리사 블루제이드,커피,"서울시 강서구 공항대로 164, 411",제조일로부터 1년,주문 확인 후 제조,500g / 1kg,,커피원두 100%,커스프 커피 010-3267-0430,"직사광선을 피하고 온도, 습도가 낮으며 통풍이 잘 되는 곳에 밀폐 보관",,,,,,,,,,,,,,,,,,,,,
블렌드 C,커피,서울 관악구 남현2길 18 1층,제조일로부터 1년,주문 확인 후 제조,1kg,,커피원두 100%,리버벨 010-7220-7215,"직사광선을 피하고 온도, 습도가 낮으며 통풍이 잘 되는 곳에 밀폐 보관",,,,,,,,,,,,,,,,,,,,,
데일리 스윗 플러스,커피,"(주)핸디엄, 경기도 여주시 세종대왕면 상동길 68",제조일로부터 1년,주문 확인 후 제조,1kg,,커피원두 100%,언더프레셔 1599-2681,"직사광선을 피하고 온도, 습도가 낮으며 통풍이 잘 되는 곳에 밀폐 보관",,,,,,,,,,,,,,,,,,,,,
R 블렌드,커피 원두,서울특별시 마포구 월드컵북로6길 88,제조일로부터 1년,별도표기,200g,서늘한 곳에 보관,"커피 원두(과테말라 50%, 브라질 40%, 에티오피아 10%)",코케 고객센터 070-4647-1868,,,,,,,,,,,,,,,,,,,,,,
디어 베이커,커피,"주식회사 디카커피랩, 고양시 일산동구 은마길79번길 42",제조일로부터 1년,별도표기,500g/ 1kg,서늘한 곳에 보관,"커피원두(브라질산 40%, 에티오피아산 30%, 과테말라산 30%)",코케 고객센터 070-4647-1868,,,,,,,,,,,,,,,,,,,,,,
브라우니 블렌드,원두커피,"커넥츠커피, 서울특별시 마포구 성지길 60, 1층(국제빌딩)",제조일로부터 12개월,주문일로부터 3일 이내,1kg,"직사광선을 피해 온도, 습도가 낮으며 통풍이 잘 되는 곳에 보관하십시오.","커피원두100%(브라질 40%, 과테말라 30%, 엘 살바도르 30%)",코케 고객센터 070-4647-1868,,,,,,,,,,,,,,,,,,,,,,
간편한즉석밥 블렌딩,원두,"원더월 커피로스터스, 서울시 동대문구 답십리로 80 1층",제조일로 2개월,제품 표시,500g / 1kg,실온 보관,"아라비카 생두 50%, 로부스타 생두 50%",코케 고객센터 070-4647-1868,,,,,,,,,,,,,,,,,,,,,,
봄의 제전,커피,"나무사이로, 경기도 성남시 분당구 석운로 33",제조일로부터 1년,별도표기,200g / 1kg,직사광선을 피하고 서늘하고 건조한 곳,아라비카 원두 100%,코케 고객센터 070-4647-1868,,,,,,,,,,,,,,,,,,,,,,
Classic Plus Blend,볶은커피,"(주)펠트, 경기도 고양시 덕양구 덕은동 74-1 1층",제조일로 부터 1년,후면별도표시,200g / 1kg,서늘한 곳에 밀폐보관,커피원두 100%,코케 고객센터 070-4647-1868,,,,,,,,,,,,,,,,,,,,,,
애비뉴 블렌딩,커피,서울 서대문구 연희로 46-1,제조일로부터 1년,주문 확인 후 제조,1kg,,커피원두 100%,웨이즈커피 010-6434-8150,"직사광선을 피하고 온도, 습도가 낮으며 통풍이 잘 되는 곳에 밀폐 보관",,,,,,,,,,,,,,,,,,,,,
블랙렄 블렌드,커피,서울 강북구 한천로139가길 15 1층,제조일로부터 1년,주문 확인 후 제조,1kg,,커피원두 100%,칠복상회 010-6521-4889,"직사광선을 피하고 온도, 습도가 낮으며 통풍이 잘 되는 곳에 밀폐 보관",,,,,,,,,,,,,,,,,,,,,
밸런스 블렌드,커피,서울 중구 필동로 32 낙원빌딩 1층,제조일로부터 1년,주문 확인 후 제조,1kg,,커피원두 100%,헤베커피 010-5295-5742,"직사광선을 피하고 온도, 습도가 낮으며 통풍이 잘 되는 곳에 밀폐 보관",,,,,,,,,,,,,,,,,,,,,
위시풀 블렌드,커피,경기도 수원시 장안구 금당로90번길 38 이수팩토리,제조일로부터 1년,주문 확인 후 제조,1kg,,커피원두 100%,이수팩토리 01086348481,"직사광선을 피하고 온도, 습도가 낮으며 통풍이 잘 되는 곳에 밀폐 보관",,,,,,,,,,,,,,,,,,,,,
콜롬비아 디카페인,볶은 커피,"피어커피 로스터스, 서울시 성동구 광나루로 4가길 38 1층",제조일로부터 1년,상품후면표기,1000g,직사광선을 피하고 서늘한 곳에 보관하십시오,커피원두 100%,코케 고객센터 070-4647-1868,,,,,,,,,,,,,,,,,,,,,,
빈야도르 블렌드,커피,"싸인포스트커피, 서울시 동작구 솔밭로 97-6",제조일로부터 6개월,제조일 별도 표기,200g / 1kg,해당없음,볶은 커피 100%,코케 고객센터 070-4647-1868,,,,,,,,,,,,,,,,,,,,,,
모카 블렌딩,커피,서가로스터리 (충남 논산시 연산면 황룡재로 65 2층 서가로스터리 1사무실),제조일로부터 1년,주문 확인 후 제조,1kg,,커피원두 100%,서가로스터리 01063083067,"직사광선을 피하고 온도, 습도가 낮으며 통풍이 잘 되는 곳에 밀폐 보관",,,,,,,,,,,,,,,,,,,,,
J브라운,커피,경기도 고양시 덕양구 행신동741-17 1층,제조일로부터 1년,주문 확인 후 제조,1kg,,커피원두 100%,커피네츄럴스페셜티,"직사광선을 피하고 온도, 습도가 낮으며 통풍이 잘 되는 곳에 밀폐 보관",,,,,,,,,,,,,,,,,,,,,
시즈널 블렌드 '여름',커피,부산광역시 중구 중앙대로29번길 6,제조일로부터 1년,주문 확인 후 제조,1kg,,커피원두 100%,연경재 010-6662-4474,"직사광선을 피하고 온도, 습도가 낮으며 통풍이 잘 되는 곳에 밀폐 보관",,,,,,,,,,,,,,,,,,,,,
클래식 블렌드 1996,커피,경기도 하남시 조정대로 150 (아이테코) 오렌지존 226호,제조일로부터 1년,주문 확인 후 제조,1kg,,커피원두 100%,전광수 커피 010-2936-0501,"직사광선을 피하고 온도, 습도가 낮으며 통풍이 잘 되는 곳에 밀폐 보관",,,,,,,,,,,,,,,,,,,,,
로엄버 블렌딩,커피,"올인커피 / 서울특별시 강서구 공항대로 212, A동 501호",제조일로부터 1년,주문 확인 후 제조,1kg,,커피원두 100%,올인커피 010-7636-6916,"직사광선을 피하고 온도, 습도가 낮으며 통풍이 잘 되는 곳에 밀폐 보관",,,,,,,,,,,,,,,,,,,,,
에티오피아 예가체프 게이샤,커피,경기도 화성시 동탄지성로 306번길 68,제조일로부터 1년,주문 확인 후 제조,"500kg, 1kg",,커피원두 100%,운조커피 010-4535-8819,"직사광선을 피하고 온도, 습도가 낮으며 통풍이 잘 되는 곳에 밀폐 보관",,,,,,,,,,,,,,,,,,,,,
비터스윗 라이프 에디션2,커피,"커피몽타주, 경기도 하남시 미사동로40번길 137",제조일로부터 3개월까지(실온상태),상품 후면에 별도 표기,200g / 1kg,직사광선을 피하고 서늘한 곳에 보관하십시오.,"커피원두 100%(인도 50%, 코스타리카 30%, 에티오피아 20%)",코케 고객센터 070-4647-1868,,,,,,,,,,,,,,,,,,,,,,
케냐 뚱구리 AA,커피,서울특별시 마포구 마포대로 156 공덕푸르지오시티 1층 107호,제조일로부터 1년,주문 확인 후 제조,1kg,,커피원두 100%,영앤도터스 010-7449-0207,"직사광선을 피하고 온도, 습도가 낮으며 통풍이 잘 되는 곳에 밀폐 보관",,,,,,,,,,,,,,,,,,,,,
2시 15분,커피,서울시 광진구 자양동 79-2 2층,제조일로부터 1년,주문 확인 후 제조,1kg,,커피원두 100%,아드프커피로스터스,"직사광선을 피하고 온도, 습도가 낮으며 통풍이 잘 되는 곳에 밀폐 보관",,,,,,,,,,,,,,,,,,,,,
초코블라썸 블랜드,커피,경북 구미시 산동읍 첨단기업1로 42,제조일로부터 1년,주문 확인 후 제조,1kg,,커피원두 100%,퍼블릭 커피 로스터즈 010-9328-0036,"직사광선을 피하고 온도, 습도가 낮으며 통풍이 잘 되는 곳에 밀폐 보관",,,,,,,,,,,,,,,,,,,,,
디카페인 콜롬비아,커피,"제조원 앤써커피:경기도 일산서구 고양시 주엽동81 뉴서울프라자 3층, 매장 앤써커피 역삼:서울특별시 강남구 논현로 85길 5-12 1층",제조일로부터 1년,주문 확인 후 제조,1kg,,커피원두 100%,앤써커피 010-4064-3852,"직사광선을 피하고 온도, 습도가 낮으며 통풍이 잘 되는 곳에 밀폐 보관",,,,,,,,,,,,,,,,,,,,,
다크그린 블렌딩 커피,커피,"전라남도 장성군 진원면 나노산단2로 52, 205호",제조일로부터 1년,주문 확인 후 제조,1kg,,커피원두 100%,링크 커피 로스터스 010-5035-1425,"직사광선을 피하고 온도, 습도가 낮으며 통풍이 잘 되는 곳에 밀폐 보관",,,,,,,,,,,,,,,,,,,,,
Caramelo 카라멜로,커피,경기 고양시 덕양구 의장로 29-31 1층,제조일로부터 1년,주문 확인 후 제조,1kg,,커피원두 100%,클라리멘토 010-9290-5005,"직사광선을 피하고 온도, 습도가 낮으며 통풍이 잘 되는 곳에 밀폐 보관",,,,,,,,,,,,,,,,,,,,,
Enak 블렌딩,커피,경기 고양시 일산동구 장대길 75-53 나동 1층 JMD Coffee Factory,제조일로부터 1년,주문 확인 후 제조,1kg,,커피원두 100%,제이엠디커피팩토리 010-9903-8794,"직사광선을 피하고 온도, 습도가 낮으며 통풍이 잘 되는 곳에 밀폐 보관",,,,,,,,,,,,,,,,,,,,,
카라멜 슬럽 블렌드,볶은 커피,"광주광역시 동구 준법로 14, 1층 슬러핀커피",제조일로부터 6개월,별도표기,250g / 1kg,직사광선을 피하고 서늘하고 건조한 곳,"원두 100% (콜롬비아 50%, 브라질 50%)",코케 고객센터 070-4647-1868,,,,,,,,,,,,,,,,,,,,,,
엘리 크릭,커피,"경기도 성남시 중원구 사기막골로 124, skn테크노파크 메가센터 1411호, (주)프레이저커피",제조일로부터 1년,주문시 로스팅,200g / 1kg,실온보관,"커피원두 100%(브라질 35%, 과테말라 25%, 콜롬비아 20%, 에티오피아 20%)",코케 고객센터 070-4647-1868,,,,,,,,,,,,,,,,,,,,,,
블랙오르페우스,커피 원두,"브니엘컴퍼니, 서울시 양천구 가로공원로56길 27-1 1층 브니엘 커피 로스터스",제조일로부터 1년,제조일 별도 표기 (제품 뒷면),1kg,직사광선을 피하고 밀봉하여 건조하고 서늘한 곳에 보관,커피원두 100%,코케 고객센터 070-4647-1868,,,,,,,,,,,,,,,,,,,,,,
비숲,커피 원두,"애크로매틱 커피컴퍼니, 서울 강동구 성내동 466",제조일로부터 1년,제조일 별도 표기 (제품 뒷면),200g / 1kg,직사광선을 피하고 밀봉하여 건조하고 서늘한 곳에 보관,"커피원두 100% (에티오피아산 50%, 인도산 30%, 콜롬비아산 20%)",코케 고객센터 070-4647-1868,,,,,,,,,,,,,,,,,,,,,,
멜로브라운,커피,서울특별시 영등포구 문래로 20길 60 501호,제조일로부터 1년,주문 확인 후 제조,1kg,,커피원두 100%,블랙빈스 010-5684-2955,"직사광선을 피하고 온도, 습도가 낮으며 통풍이 잘 되는 곳에 밀폐 보관",,,,,,,,,,,,,,,,,,,,,
콜롬비아 엘 카르멘 워시드,커피원두,서울특별시 용산구 이태원로49길 24,제조일로부터 1년,제조일 별도 표기(제품 뒷면),250g,직사광선을 피하고 밀봉하여 건조하고 서늘한 곳에 보관,커피원두 100%,코케 고객센터 070-4647-1868,,,,,,,,,,,,,,,,,,,,,,
우일라 디카페인,원두,Steamerscoffee,제조일로부터 2달 이내,상품 뒷면 참조,200g,없음,Colombia 100%,코케 고객센터 070-4647-1868,,,,,,,,,,,,,,,,,,,,,,
아이리스,커피,"커피 앰비언스, 서울시 송파구 송이로17길 51 (1층, 가락동)",제조일로부터 1년,제조일 별도표기,200g / 1kg,서늘한 곳에 보관,볶은커피 100%,코케 고객센터 070-4647-1868,,,,,,,,,,,,,,,,,,,,,,
구스토 블렌드,커피,경기도 파주시 문산읍 사목로 69번지 3동,제조일로부터 1년,주문 확인 후 제조,1kg,,커피원두 100%,스트레토 커피팩토리 01086790553,"직사광선을 피하고 온도, 습도가 낮으며 통풍이 잘 되는 곳에 밀폐 보관",,,,,,,,,,,,,,,,,,,,,
케냐 가탕가리리 AA,커피,서울특별시 관악구 조원로 2길 7 1층,제조일로부터 1년,주문 확인 후 제조,1kg,,커피원두 100%,카페플롬 010-4155-8282,"직사광선을 피하고 온도, 습도가 낮으며 통풍이 잘 되는 곳에 밀폐 보관",,,,,,,,,,,,,,,,,,,,,
리들리,커피원두,"식물학커피로스터스, 서울특별시 용산구 서빙고로67길 21 2층",제조일로부터 1년,제조일 별도 표기(제품 뒷면),250g / 1kg,직사광선을 피하고 밀봉하여 건조하고 서늘한 곳에 보관,커피원두 100%,코케 고객센터 070-4647-1868,,,,,,,,,,,,,,,,,,,,,,
안목블렌드,커피,"보사노바로스팅팩토리, 강원도 강릉시 경강로2660번길 7",제조일로부터 12개월,별도표시,200g / 1kg,"직사광선과 습기를 피하여 서늘한 곳에 실온 보관 하며, 개봉한 후에는 빨리 드십시오.",커피원두 100%,코케 고객센터 070-4647-1868,,,,,,,,,,,,,,,,,,,,,,
알파 블렌드,커피,부산 중구 중구로29번길 7 1층 오드이븐,제조일로부터 1년,주문 확인 후 제조,1kg,,커피원두 100%,오드이븐 010-9742-0929,"직사광선을 피하고 온도, 습도가 낮으며 통풍이 잘 되는 곳에 밀폐 보관",,,,,,,,,,,,,,,,,,,,,
아프로디테 블렌딩,커피,라메르판지 비앤알 / 울산광역시 북구 판지1길 30 (지상2~3층 구유동),제조일로부터 1년,주문 확인 후 제조,1kg,,커피원두 100%,라메르판지비앤알 0522928787,"직사광선을 피하고 온도, 습도가 낮으며 통풍이 잘 되는 곳에 밀폐 보관",,,,,,,,,,,,,,,,,,,,,
오렌지 슈가 블렌드,커피,"인천시 부평구 부평대로 337, 1031호",제조일로부터 1년,주문 확인 후 제조,1kg,,커피원두 100%,놈코어 커피 01049722312,"직사광선을 피하고 온도, 습도가 낮으며 통풍이 잘 되는 곳에 밀폐 보관",,,,,,,,,,,,,,,,,,,,,
콜롬비아 디에고 베르가라 자바 이스트 무산소발효 워시드,커피,경기도 광주시 오포읍 수레실길 144,제조일로부터 1년,주문 확인 후 제조,200g,,커피원두 100%,한국커피 010-9957-4231,"직사광선을 피하고 온도, 습도가 낮으며 통풍이 잘 되는 곳에 밀폐 보관",,,,,,,,,,,,,,,,,,,,,
케냐 띠리쿠 AA 워시드,커피,"경기도 파주시 탄현면 소리개길 164-17, 3동",제조일로부터 1년,주문 확인 후 제조,200g,,커피원두 100%,폰트커피 010-9483-1853,"직사광선을 피하고 온도, 습도가 낮으며 통풍이 잘 되는 곳에 밀폐 보관",,,,,,,,,,,,,,,,,,,,,
뉴월드 블렌드,커피,충북 청주시 청원구 내수읍 충청대로 904,제조일로부터 1년,주문 확인 후 제조,1kg,,커피원두 100%,하우트 커피컴퍼니 070-7503-5677,"직사광선을 피하고 온도, 습도가 낮으며 통풍이 잘 되는 곳에 밀폐 보관",,,,,,,,,,,,,,,,,,,,,
랑케블랙,커피,경기 안산시 단원구 산단로 296 522호,제조일로부터 1년,주문 확인 후 제조,1kg,,커피원두 100%,랑케커피 01089630224,"직사광선을 피하고 온도, 습도가 낮으며 통풍이 잘 되는 곳에 밀폐 보관",,,,,,,,,,,,,,,,,,,,,
봄 블랜드,커피,서울 성동구 성덕정길 130 1층,제조일로부터 1년,주문 확인 후 제조,1kg,,커피원두 100%,글루 01023160961,"직사광선을 피하고 온도, 습도가 낮으며 통풍이 잘 되는 곳에 밀폐 보관",,,,,,,,,,,,,,,,,,,,,
디카페인 고소한 빈도,커피 원두,서울특별시 양천구 목동중앙서로 33 1층 빈도 로스터스 커피,제조일로부터 1년,주문 확인 후 제조,1kg,,커피원두 100%,빈도 로스터스 커피 / 02-2643-2988,"직사광선을 피하고 온도, 습도가 낮으며 통풍이 잘 되는 곳에 밀폐 보관",,,,,,,,,,,,,,,,,,,,,
과테말라 와이칸 워시드,커피,경기도 부천시 소사구 호현로 489,제조일로부터 1년,주문 확인 후 제조,500g,,커피원두 100%,카페소소한사치 010-9340-4364,"직사광선을 피하고 온도, 습도가 낮으며 통풍이 잘 되는 곳에 밀폐 보관",,,,,,,,,,,,,,,,,,,,,
라이프 블렌드,커피,경기도 안산시 단원구 만해로 205 타원타크라3 a동 113호 114호,제조일로부터 1년,주문 확인 후 제조,1kg,,커피원두 100%,디그리 01031660563,"직사광선을 피하고 온도, 습도가 낮으며 통풍이 잘 되는 곳에 밀폐 보관",,,,,,,,,,,,,,,,,,,,,
ETNA(에트나),볶은 커피,서울특별시 강남구 학동로50길 42,제조일로부터 1년,상품 후면 표기,1kg,,커피원두 100%,마그마커피 070-7599-2210,습기 및 직사광선을 피하고 서늘한 장소에 보관하십시오.,,,,,,,,,,,,,,,,,,,,,
조바티 클래식 블렌드,커피,"경기도 고양시 일산동구 일산로 372번길 30-5, 1층",제조일로부터 1년,주문 확인 후 제조,1kg,,커피원두 100%,조바티커피,"직사광선을 피하고 온도, 습도가 낮으며 통풍이 잘 되는 곳에 밀폐 보관",,,,,,,,,,,,,,,,,,,,,
시그니처블렌드 A,커피,로컬커피로스터스. 경기도 김포시 양촌읍 불당로 92-10,제조일로부터 1년,주문 확인 후 제조,1kg,,커피원두 100%,로컬커피 로스터스 01025550698,"직사광선을 피하고 온도, 습도가 낮으며 통풍이 잘 되는 곳에 밀폐 보관",,,,,,,,,,,,,,,,,,,,,
웨이브온 컴페티션 블랜드,커피,부산 기장군 장안읍 해맞이로 286,제조일로부터 1년,주문 확인 후 제조,1kg,,커피원두 100%,웨이브온 커피 051-727-1660 /2번,"직사광선을 피하고 온도, 습도가 낮으며 통풍이 잘 되는 곳에 밀폐 보관",,,,,,,,,,,,,,,,,,,,,
시다모 파피초 내추럴,커피,"서울특별시 성동구 왕십리로 410, I동 1층 141호 (하왕십리동, 센트라스)",제조일로부터 1년,주문 확인 후 제조,200g,,커피원두 100%,수수커피 010-5068-4771,"직사광선을 피하고 온도, 습도가 낮으며 통풍이 잘 되는 곳에 밀폐 보관",,,,,,,,,,,,,,,,,,,,,
뷰블렌드,커피,바다뷰커피공장 / 강원도 양양,제조일로부터 1년,주문 확인 후 제조,1kg,,커피원두 100%,바다뷰 커피공장 010-9969-3824,"직사광선을 피하고 온도, 습도가 낮으며 통풍이 잘 되는 곳에 밀폐 보관",,,,,,,,,,,,,,,,,,,,,
모리 로부스타 쎄 허니,커피,서울특별시 광진구 면목로 5-1 1층 102호,제조일로부터 1년,주문 확인 후 제조,200g,,커피원두 100%,라까프 070-8098-2019,"직사광선을 피하고 온도, 습도가 낮으며 통풍이 잘 되는 곳에 밀폐 보관",,,,,,,,,,,,,,,,,,,,,
트로피칼 플라워 게이샤 무산소,커피,서울시 강남구 강남대로154길 24 준영빌딩 1층,제조일로부터 1년,주문 확인 후 제조,200g,,커피원두 100%,수수커피 010-5068-4771,"직사광선을 피하고 온도, 습도가 낮으며 통풍이 잘 되는 곳에 밀폐 보관",,,,,,,,,,,,,,,,,,,,,
핸디엄 밸런스 원두 스윗 5kg,커피,서울특별시 강남구 영동대로106길 37,제조일로부터 1년,주문 확인 후 제조,500g x 10ea,,"커피원두 100% (케냐산 60%, 과테말라산 40%)",핸디엄 010-4194-8939,"직사광선을 피하고 온도, 습도가 낮으며 통풍이 잘 되는 곳에 밀폐 보관",,,,,,,,,,,,,,,,,,,,,
커튼콜,커피,제주 제주시 한경면 용금로 442 / CRACKERS COFFEE ROASTERS,제조일로부터 1년,주문 확인 후 제조,1kg,,커피원두 100%,크래커스 커피 로스터스 010-2605-1001,"직사광선을 피하고 온도, 습도가 낮으며 통풍이 잘 되는 곳에 밀폐 보관",,,,,,,,,,,,,,,,,,,,,
Parachute (패러슈트),커피,서울시 관악구 은천로 39,제조일로부터 1년,주문 확인 후 제조,1kg,,커피원두 100%,UFO 커피로스터스 010-4240-8455,"직사광선을 피하고 온도, 습도가 낮으며 통풍이 잘 되는 곳에 밀폐 보관",,,,,,,,,,,,,,,,,,,,,
폴라베어 블랜딩,커피,"오소커피로스터스 , 서울시 용산구",제조일로부터 1년,주문 확인 후 제조,1kg,,커피원두 100%,커피볶는곰 0262422113,"직사광선을 피하고 온도, 습도가 낮으며 통풍이 잘 되는 곳에 밀폐 보관",,,,,,,,,,,,,,,,,,,,,
아로마,커피,"서울특별시 강남구 학동로 107, 5층",제조일로부터 1년,주문 확인 후 제조,500g/1kg,,커피원두 100%,커피루소 02-2056-7619,"직사광선을 피하고 온도, 습도가 낮으며 통풍이 잘 되는 곳에 밀폐 보관",,,,,,,,,,,,,,,,,,,,,
올드스쿨(Old School),커피,서울시 중랑구 신내역로 111 SKV1 센터,제조일로부터 1년,주문 확인 후 제조,1kg,,커피원두 100%,그린마일커피,"직사광선을 피하고 온도, 습도가 낮으며 통풍이 잘 되는 곳에 밀폐 보관",,,,,,,,,,,,,,,,,,,,,
시그니처 블랜드 000 디카페인,커피,서울특별시 성동구 아차산로17길 48 SK V1CENTER 401호,제조일로부터 1년,주문일 기준 2주 내 로스팅 상품 출고,1kg,,커피원두 100%,라운지엑스 070-5161-0005,"직사광선을 피하고 온도, 습도가 낮으며 통풍이 잘 되는 곳에 밀폐 보관",,,,,,,,,,,,,,,,,,,,,
스타가이 블랜드,커피,경기도 수원시 팔달구 창룡대로103번길 132,제조일로부터 1년,주문 확인 후 제조,1kg,,커피원두 100%,커피가이 070-4897-3440,"직사광선을 피하고 온도, 습도가 낮으며 통풍이 잘 되는 곳에 밀폐 보관",,,,,,,,,,,,,,,,,,,,,
허니서클 블렌드,커피,구리시 아차산로 432번길 18 201호,제조일로부터 1년,주문 확인 후 제조,1kg,,커피원두 100%,놈코어커피 010-5134-1306,"직사광선을 피하고 온도, 습도가 낮으며 통풍이 잘 되는 곳에 밀폐 보관",,,,,,,,,,,,,,,,,,,,,
밀밭,커피,"경기도 부천시 양지로92번길9-3, 106호",제조일로부터 1년,주문 확인 후 제조,1kg,,커피원두 100%,"오이르로스터스 경기도 부천시 양지로92번길9-3, 106호","직사광선을 피하고 온도, 습도가 낮으며 통풍이 잘 되는 곳에 밀폐 보관",,,,,,,,,,,,,,,,,,,,,
마젠타 블렌드,커피,경기 남양주시 불암로109번길 4-29 (별내동) 1층 일부호,제조일로부터 1년,주문 확인 후 제조,1kg,,커피원두 100%,레인디어 010-3976-1590,"직사광선을 피하고 온도, 습도가 낮으며 통풍이 잘 되는 곳에 밀폐 보관",,,,,,,,,,,,,,,,,,,,,
피크 블렌드,원두커피,,,,,,,코케 고객센터 070-4647-1868,,오드이븐,부산광역시 중구 중구로 29번길 7 오드이븐,주문접수 후 당일제조,제조일로부터 6개월 이내 권장,,원두커피 100%,,,,,,,200g / 1kg,,,,,,,,
안신단고 블렌딩,볶은커피,경상남도 진주시 남강로 36 (판문동) 1층 플라워진양호점,제조일로부터 12개월 이내,주문일로부터 7일 이내,500g / 1kg,-,커피원두 100%,코케 고객센터 070-4647-1868,,,,,,,,,,,,,,,,,,,,,,
하늘에 시그니처 블랜딩,커피원두,,제조일로부터 1년,전면 별도 표기,200g / 1kg,,,코케 고객센터 070-4647-1868,"개봉 후 서늘한 곳에 밀폐하여 보관하시고, 되도록 공기와의 접촉을 피해야합니다.",,"제주시 애월읍 고내3길 14(애월공장), 서울시 마포구 월드컵북로 42다길 14(상암공장)",,,,,,,,,,,,커피원두 100%,주식회사 하늘에커피,,,,,,
인도 마이소르 너겟 엑스트라 볼드,커피,"베러로스팅랩, 서울시 성동구 왕십리로6길 18-1, 1층",제조일로부터 2개월,주문시 로스팅,200g,후면에 표기,커피원두 100%(인도100%),코케 고객센터 070-4647-1868,,,,,,,,,,,,,,,,,,,,,,
과테말라 SHB 스위스워터 디카페인,커피,"서울시 송파구 법원로 114, B동 106호",제조일로부터 1년,주문 확인 후 제조,1kg,,커피원두 100%,리프커피 010-9955-1551,"직사광선을 피하고 온도, 습도가 낮으며 통풍이 잘 되는 곳에 밀폐 보관",,,,,,,,,,,,,,,,,,,,,
에티오피아 구지 라요 타라가 워시드,볶은커피,"서울시 마포구 동교로22길 21,1층 리밀커피",제조일로부터 3개월 이내,주문일로부터 7일 이내,200g / 400g,-,커피원두 100%(에티오피아산),코케 고객센터 070-4647-1868,,,,,,,,,,,,,,,,,,,,,,
글램 앤 모어,커피,"서울시 강남구 봉은사로 68길 41, 1층",제조일로부터 1년,주문일로부터 3일이내,200g / 1kg,직사광선을 피하고 밀봉하여 실온보관,"커피원두 100%(에티오피아 60%, 케냐 40%)",코케 고객센터 070-4647-1868,,,,,,,,,,,,,,,,,,,,,,
올드타운,,,제조일로부터1년,,,,,코케 고객센터 070-4647-1868,건조하고 서늘한 곳에 보관,,,,,,,차군커피,,,별도표기,,,,,차군커피로스터스,커피원두100%,별도표기,경남 밀양시 가곡11길 4,제2017-0611180호,별도표기,제조일로부터 1개월
오드아이,볶은 커피,"그럼블커피, 경기도 하남시 감북동 감초로 45-13",제조일로부터 6개월,상단 별도 표기,상단 별도 표기,직사광선을 피하고 서늘한 곳에 밀폐보관,커피원두 100%,코케 고객센터 070-4647-1868,,,,,,,,,,,,,,,,,,,,,,
웨이브온 블렌드,커피,"웨이브온커피, 부산광역시 기장군 장안읍 해맞이로 286",제조일로부터 1년,별도 표시,200g / 1kg,밀봉 후 직사광선을 피하여 실온 보관,커피원두100%,코케 고객센터 070-4647-1868,,,,,,,,,,,,,,,,,,,,,,
콜롬비아 수프리모 SW 디카프,커피 원두,"파주시 꽃아마길41, 디카프워크룸",제조일로부터 1년,제조일 별도 표기 (제품 뒷면),200g / 500g,직사광선을 피하고 밀봉하여 건조하고 서늘한 곳에 보관,커피원두 100%,코케 고객센터 070-4647-1868,,,,,,,,,,,,,,,,,,,,,,
브릭 에스프레소,커피,서울시 서초구 효령로 72길 57 E동 B101호 리플렉트커피,제조일로부터 10개월,주문시 로스팅,200g / 1kg,후면에 표기,"커피원두 100%(콜롬비아 50%, 과테말라 30%, 인도 20%)",코케 고객센터 070-4647-1868,,,,,,,,,,,,,,,,,,,,,,
1st WAVE : Supply,볶은커피,"뉴웨이브커피로스터스, 서울시 양천구 오목로 56길 2, 영원빌딩 103호",제조일로부터 12개월,제품하단부 표시,200g / 1kg,직사광선을 피하고 서늘한 곳에 보관하세요.,"브라질 생두 50%, 인도네시아 50%",코케 고객센터 070-4647-1868,,,,,,,,,,,,,,,,,,,,,,
Blend Base,커피,서울 용산구 녹사평대로 224-1,제조일로부터 1년,주문 확인 후 제조,1kg,,커피원두 100%,스탠딩커피 010-7386-0386,"직사광선을 피하고 온도, 습도가 낮으며 통풍이 잘 되는 곳에 밀폐 보관",,,,,,,,,,,,,,,,,,,,,
(배전도: 에스프레소)디카페인 과테말라,커피,경기도 성남시 중원구 둔촌대로 531 쌍용IT트윈타워 B동 901-2호,제조일로부터 1년,주문 확인 후 제조,1kg,,커피원두 100%,챁챁커피 031-736-0090,"직사광선을 피하고 온도, 습도가 낮으며 통풍이 잘 되는 곳에 밀폐 보관",,,,,,,,,,,,,,,,,,,,,
레드베릴 블렌드,커피,경기도 부천시 중동로356번길 6 필리그리커피,제조일로부터 1년,별도 표시,1kg,,커피원두 100%,필리그리커피 032-672-9127,"직사광선을 피하고 온도, 습도가 낮으며 통풍이 잘 되는 곳에 밀폐 보관",,,,,,,,,,,,,,,,,,,,,
33도 블렌드,원두커피,"55도 커피로스터스, 경기도 성남시 분당구 서현동 175-5번지",제조일로부터24개월,전면 별도 표기,200g / 1kg,"직사광선을 피해 온도, 습도가 낮으며 통풍이 잘 되는 곳에 보관하십시오.",커피원두100%,코케 고객센터 070-4647-1868,,,,,,,,,,,,,,,,,,,,,,
딥씨 블렌드,볶은 커피,"(주)502커피로스터스, 서울 금천구 가산디지털1로 159-20",제조일로부터 1년,별도표기,200g / 1kg,서늘한 곳에 밀폐보관,커피원두 100%,코케 고객센터 070-4647-1868,,,,,,,,,,,,,,,,,,,,,,
하이홉스 시즈널블랜드,커피,경기도 고양시 덕양구 행당로 1 4층 401호,제조일로부터 1년,주문 확인 후 제조,1kg,,커피원두 100%,컨트리사이드,"직사광선을 피하고 온도, 습도가 낮으며 통풍이 잘 되는 곳에 밀폐 보관",,,,,,,,,,,,,,,,,,,,,
다크브릭스 블렌드,커피,"서울시 강서구 공항대로 164, 411",제조일로부터 1년,주문 확인 후 제조,1kg,,커피원두 100%,커스프 커피 010-3267-0430,"직사광선을 피하고 온도, 습도가 낮으며 통풍이 잘 되는 곳에 밀폐 보관",,,,,,,,,,,,,,,,,,,,,
다크초콜릿 블렌드,원두커피,,,,,,,코케 고객센터 070-4647-1868,,180커피로스터스,경기도 성남시 분당구 문정로144번길 4,제품 별도 표기,제품 별도 표기,200g / 1kg,"원두커피 100% (콜롬비아 50%, 브라질 30%, 인도 20%)",,,,,,,,,,,,,,,
메이데이,커피,"(주)클라우드 핑크, 서울 성동구 서울숲2길 28-11",제조일로부터 1년,후면별도표기,210g / 500g,실온에서 직사광선을 피해 서늘한 곳에 보관하세요.,"커피 100%(과테말라 40%, 에티오피아 30%, 콜롬비아 30%)",코케 고객센터 070-4647-1868,,,,,,,,,,,,,,,,,,,,,,
딥 스모키,커피,"주식회사 디카커피랩, 고양시 일산동구 은마길79번길 42",제조일로부터 1년,별도표기,500g / 1kg,서늘한 곳에 보관,"커피원두(브라질산 80%, 인도네시아산 20%)",코케 고객센터 070-4647-1868,,,,,,,,,,,,,,,,,,,,,,
콜롬비아 디카페인,커피,서울시 강동구 성내로 58 희성빌딩 3층,제조일로부터 1년,주문 확인 후 제조,1kg,,커피원두 100%,이알코퍼레이션 01033422398,"직사광선을 피하고 온도, 습도가 낮으며 통풍이 잘 되는 곳에 밀폐 보관",,,,,,,,,,,,,,,,,,,,,
블렌드 B,커피,"리버벨, 서울시 관악구 남현 2길 18 1층",제조일부터 1년 이내,별도 표기,150g / 1kg,상온 보관,원두커피 100%,코케 고객센터 070-4647-1868,,,,,,,,,,,,,,,,,,,,,,
L 블렌드,커피,"서울특별시 마포구 월드컵북로6길 88, 2층(동교동)",제조일로부터 1년,주문 확인 후 제조,1kg,,커피원두 100%,리플로우 커피 로스터스 010-4932-9198,"직사광선을 피하고 온도, 습도가 낮으며 통풍이 잘 되는 곳에 밀폐 보관",,,,,,,,,,,,,,,,,,,,,
밸런스 블렌드,커피,서울 중구 필동로 32 낙원빌딩 1층,제조일로부터 1년,주문 확인 후 제조,1kg,,커피원두 100%,헤베커피 010-5295-5742,"직사광선을 피하고 온도, 습도가 낮으며 통풍이 잘 되는 곳에 밀폐 보관",,,,,,,,,,,,,,,,,,,,,
오차드 블렌딩,커피,서울 서대문구 연희로 46-1,제조일로부터 1년,주문 확인 후 제조,1kg,,커피원두 100%,웨이즈커피 010-6434-8150,"직사광선을 피하고 온도, 습도가 낮으며 통풍이 잘 되는 곳에 밀폐 보관",,,,,,,,,,,,,,,,,,,,,
스칼렛,커피,"루비아 / 경기 성남시 사기막골로 124, 비즈동 1412호 루비아",제조일로부터 1년,주문 확인 후 제조,1kg,,커피원두 100%,루비아 커피 / 010-2942-3069,"직사광선을 피하고 온도, 습도가 낮으며 통풍이 잘 되는 곳에 밀폐 보관",,,,,,,,,,,,,,,,,,,,,
블랙렄 블렌드,커피,서울 강북구 한천로139가길 15 1층,제조일로부터 1년,주문 확인 후 제조,1kg,,커피원두 100%,칠복상회 010-6521-4889,"직사광선을 피하고 온도, 습도가 낮으며 통풍이 잘 되는 곳에 밀폐 보관",,,,,,,,,,,,,,,,,,,,,
커넥츠 블렌드,원두커피,"커넥츠커피, 서울특별시 마포구 성지길 60, 1층(국제빌딩)",제조일로부터 12개월,주문일로부터 3일 이내,200g / 1kg,"직사광선을 피해 온도, 습도가 낮으며 통풍이 잘 되는 곳에 보관하십시오.","커피원두100%(콜롬비아 40%, 에티오피아 20%, 과테말라 20%, 코스타리카 15%, 인도 5%)",코케 고객센터 070-4647-1868,,,,,,,,,,,,,,,,,,,,,,
상큼한초밥 블렌딩,원두,"원더월 커피로스터스, 서울시 동대문구 답십리로 80 1층",제조일로 2개월,제품 표시,1kg,실온 보관,아라비카 생두 100%,코케 고객센터 070-4647-1868,,,,,,,,,,,,,,,,,,,,,,
브루클린,커피(볶은커피),"(주)핸디엄, 경기도 여주시 세종대왕면 상동길 68",제조일로부터 12개월,하단 표기일,140g / 1kg,"직사광선을 피하고 온도, 습도가 낮으며 통풍이 잘 되는 곳에 보관하여 주십시오.",커피원두 100% (에티오피아산 80% / 케냐 20%),핸디엄 고객센터 1599-2681,,,,,,,,,,,,,,,,,,,,,,
시즈널 블렌드 '가을',커피,부산광역시 중구 중앙대로29번길 6,제조일로부터 1년,주문 확인 후 제조,1kg,,커피원두 100%,연경재 010-6662-4474,"직사광선을 피하고 온도, 습도가 낮으며 통풍이 잘 되는 곳에 밀폐 보관",,,,,,,,,,,,,,,,,,,,,
프렌치,커피,"나무사이로, 경기도 성남시 분당구 석운로 33",제조일로부터 1년,별도표기,1kg,직사광선을 피하고 서늘하고 건조한 곳,"커피 원두 (페루 50%, 콜롬비아 50%)",코케 고객센터 070-4647-1868,,,,,,,,,,,,,,,,,,,,,,
콜롬비아 디카페인,볶은 커피,"피어커피 로스터스, 서울시 성동구 광나루로 4가길 38 1층",제조일로부터 1년,상품후면표기,1000g,직사광선을 피하고 서늘한 곳에 보관하십시오,커피원두 100%,코케 고객센터 070-4647-1868,,,,,,,,,,,,,,,,,,,,,,
볼드 블렌드,커피,경기도 수원시 장안구 금당로90번길 38 이수팩토리,제조일로부터 1년,주문 확인 후 제조,1kg,,커피원두 100%,이수팩토리 01086348481,"직사광선을 피하고 온도, 습도가 낮으며 통풍이 잘 되는 곳에 밀폐 보관",,,,,,,,,,,,,,,,,,,,,
케냐 AA TOP 오타야 칭가 퀸,커피,경기도 화성시 동탄지성로 306번길 68,제조일로부터 1년,주문 확인 후 제조,"500g,1kg",,커피원두 100%,운조커피 010-4535-8819,"직사광선을 피하고 온도, 습도가 낮으며 통풍이 잘 되는 곳에 밀폐 보관",,,,,,,,,,,,,,,,,,,,,
에티오피아 코케 허니 예가체프 G1,커피원두,"식물학커피로스터스, 서울특별시 용산구 서빙고로67길 21 2층",제조일로부터 1년,제조일 별도 표기(제품 뒷면),250g / 1kg,직사광선을 피하고 밀봉하여 건조하고 서늘한 곳에 보관,커피원두 100%,코케 고객센터 070-4647-1868,,,,,,,,,,,,,,,,,,,,,,
문래 블렌드,커피,"보사노바로스팅팩토리, 강원도 강릉시 경강로2660번길 7",제조일로부터 12개월,별도표시,200g / 1kg,"직사광선과 습기를 피하여 서늘한 곳에 실온 보관 하며, 개봉한 후에는 빨리 드십시오.","커피원두 100% (에티오피아 40%, 브라질 60%)",코케 고객센터 070-4647-1868,,,,,,,,,,,,,,,,,,,,,,
에티오피아 시다모 워시드 G2,커피,"충청남도 논산시 연산면 황룡재로 65, 2층",제조일로부터 1년,주문 확인 후 제조,1kg,,커피원두 100%,서가로스터리 01063083067,"직사광선을 피하고 온도, 습도가 낮으며 통풍이 잘 되는 곳에 밀폐 보관",,,,,,,,,,,,,,,,,,,,,
에티오피아 예가체프 게뎁 단체 첼베사  워시드 G1,커피,서울시 동작구 솔밭로 97-6,제조일로부터 1년,주문 확인 후 제조,1kg,,커피원두 100%,싸인포스트커피 010-4879-1791,"직사광선을 피하고 온도, 습도가 낮으며 통풍이 잘 되는 곳에 밀폐 보관",,,,,,,,,,,,,,,,,,,,,
케냐 가탕가리리 AA,커피,서울특별시 관악구 조원로 2길 7 1층,제조일로부터 1년,주문 확인 후 제조,1kg,,커피원두 100%,카페플롬 010-4155-8282,"직사광선을 피하고 온도, 습도가 낮으며 통풍이 잘 되는 곳에 밀폐 보관",,,,,,,,,,,,,,,,,,,,,
Ethiopia Guji G1(에티오피아 구지 G1),커피,서울특별시 강남구 선릉로 570 1층,제조일로부터 1년,주문 확인 후 제조,200g,,커피원두 100%,마그마커피 070-7599-2210,"직사광선을 피하고 온도, 습도가 낮으며 통풍이 잘 되는 곳에 밀폐 보관",,,,,,,,,,,,,,,,,,,,,
코스타리카 핀카 마초 워시드,커피,"경기도 파주시 탄현면 소리개길 164-17, 3동",제조일로부터 1년,주문 확인 후 제조,1kg,,커피원두 100%,폰트커피 010-9483-1853,"직사광선을 피하고 온도, 습도가 낮으며 통풍이 잘 되는 곳에 밀폐 보관",,,,,,,,,,,,,,,,,,,,,
콜롬비아 디카페인,커피,경기도 하남시 조정대로 150 (아이테코) 오렌지존 226호,제조일로부터 1년,주문 확인 후 제조,1kg,,콜롬비아 디카페인 커피원두 100%,전광수 커피 010-2936-0501,"직사광선을 피하고 온도, 습도가 낮으며 통풍이 잘 되는 곳에 밀폐 보관",,,,,,,,,,,,,,,,,,,,,
블랙오르페우스,커피 원두,"브니엘컴퍼니, 서울시 양천구 가로공원로56길 27-1 1층 브니엘 커피 로스터스",제조일로부터 1년,제조일 별도 표기 (제품 뒷면),1kg,직사광선을 피하고 밀봉하여 건조하고 서늘한 곳에 보관,커피원두 100%,코케 고객센터 070-4647-1868,,,,,,,,,,,,,,,,,,,,,,
과테말라 디카페인 (마운틴 워터 프로세스),커피,경기도 파주시 문산읍 사목로 69번지 3동,제조일로부터 1년,주문 확인 후 제조,1kg,,커피원두 100%,스트레토 커피팩토리 01086790553,"직사광선을 피하고 온도, 습도가 낮으며 통풍이 잘 되는 곳에 밀폐 보관",,,,,,,,,,,,,,,,,,,,,
제우스 블렌딩,커피,라메르판지 비앤알 / 울산광역시 북구 판지1길 30 (지상2~3층 구유동),제조일로부터 1년,주문 확인 후 제조,1kg,,커피원두 100%,라메르판지비앤알 0522928787,"직사광선을 피하고 온도, 습도가 낮으며 통풍이 잘 되는 곳에 밀폐 보관",,,,,,,,,,,,,,,,,,,,,
콜롬비아 디에고 베르가라 자바 이스트 무산소발효 워시드,커피,경기도 광주시 오포읍 수레실길 144,제조일로부터 1년,주문 확인 후 제조,200g,,커피원두 100%,한국커피 010-9957-4231,"직사광선을 피하고 온도, 습도가 낮으며 통풍이 잘 되는 곳에 밀폐 보관",,,,,,,,,,,,,,,,,,,,,
디카페인,커피,경기도 안산시 단원구 만해로 205 타원타크라3 a동 113호 114호,제조일로부터 1년,주문 확인 후 제조,1kg,,커피원두 100%,디그리 01031660563,"직사광선을 피하고 온도, 습도가 낮으며 통풍이 잘 되는 곳에 밀폐 보관",,,,,,,,,,,,,,,,,,,,,
랑케블랙,커피,경기 안산시 단원구 산단로 296 522호,제조일로부터 1년,주문 확인 후 제조,1kg,,커피원두 100%,랑케커피 01089630224,"직사광선을 피하고 온도, 습도가 낮으며 통풍이 잘 되는 곳에 밀폐 보관",,,,,,,,,,,,,,,,,,,,,
알파 블렌드,커피,부산 중구 중구로29번길 7 1층 오드이븐,제조일로부터 1년,주문 확인 후 제조,1kg,,커피원두 100%,오드이븐 010-9742-0929,"직사광선을 피하고 온도, 습도가 낮으며 통풍이 잘 되는 곳에 밀폐 보관",,,,,,,,,,,,,,,,,,,,,
스윗탱고,커피,경기도 고양시 덕양구 행신동 741-17 1층,제조일로부터 1년,주문 확인 후 제조,1kg,,커피원두 100%,커피네츄럴스페셜티,"직사광선을 피하고 온도, 습도가 낮으며 통풍이 잘 되는 곳에 밀폐 보관",,,,,,,,,,,,,,,,,,,,,
조바티 디카페인 블렌드,커피,"경기도 고양시 일산동구 일산로 372번길 30-5, 1층",제조일로부터 1년,주문 확인 후 제조,1kg,,커피원두 100%,조바티커피 070-4203-6900,"직사광선을 피하고 온도, 습도가 낮으며 통풍이 잘 되는 곳에 밀폐 보관",,,,,,,,,,,,,,,,,,,,,
세피아 블렌딩,커피,"올인커피 / 서울특별시 강서구 공항대로 212, A동 501호",제조일로부터 1년,주문 확인 후 제조,1kg,,커피원두 100%,올인커피 010-7636-6916,"직사광선을 피하고 온도, 습도가 낮으며 통풍이 잘 되는 곳에 밀폐 보관",,,,,,,,,,,,,,,,,,,,,
시그니처블렌드 B,커피,로컬커피로스터스. 경기도 김포시 양촌읍 불당로 92-10,제조일로부터 1년,주문 확인 후 제조,1kg,,커피원두 100%,로컬커피 로스터스 01025550698,"직사광선을 피하고 온도, 습도가 낮으며 통풍이 잘 되는 곳에 밀폐 보관",,,,,,,,,,,,,,,,,,,,,
모리 케피어 로부스타 TR4,커피,서울특별시 광진구 면목로 5-1 1층 102호,제조일로부터 1년,주문 확인 후 제조,200g,,커피원두 100%,라까프 070-8098-2019,"직사광선을 피하고 온도, 습도가 낮으며 통풍이 잘 되는 곳에 밀폐 보관",,,,,,,,,,,,,,,,,,,,,
아침 블랜드,커피,성덕정길 130,제조일로부터 1년,주문 확인 후 제조,1kg,,커피원두 100%,글루 01023160961,"직사광선을 피하고 온도, 습도가 낮으며 통풍이 잘 되는 곳에 밀폐 보관",,,,,,,,,,,,,,,,,,,,,
코스타리카 라 몬타나 데 라 쿰브레 화이트허니,커피,경기도 부천시 소사구 호현로 489,제조일로부터 1년,주문 확인 후 제조,500g,,커피원두 100%,카페소소한사치 010-9340-4364,"직사광선을 피하고 온도, 습도가 낮으며 통풍이 잘 되는 곳에 밀폐 보관",,,,,,,,,,,,,,,,,,,,,
콜롬비아 살피콘 게이샤 CM내추럴,커피,경기도 파주시 조리읍 고봉로 929 2층,제조일로부터 1년,주문 확인 후 제조,1kg,,커피원두 100%,오프사이트 0507-1399-2781,"직사광선을 피하고 온도, 습도가 낮으며 통풍이 잘 되는 곳에 밀폐 보관",,,,,,,,,,,,,,,,,,,,,
투게더 블렌드,커피,서울시 마포구 동교로22길 21,제조일로부터 1년,주문 확인 후 제조,1kg,,커피원두 100%,리밀커피 010-3173-2923,"직사광선을 피하고 온도, 습도가 낮으며 통풍이 잘 되는 곳에 밀폐 보관",,,,,,,,,,,,,,,,,,,,,
반달 베어 블랜딩,커피,"오소커피로스터스, 서울시 용산구",제조일로부터 1년,주문 확인 후 제조,1kg,,커피원두 100%,커피볶는곰 0262422113,"직사광선을 피하고 온도, 습도가 낮으며 통풍이 잘 되는 곳에 밀폐 보관",,,,,,,,,,,,,,,,,,,,,
에스프레션,커피,"서울특별시 강남구 학동로 107, 5층",제조일로부터 1년,주문 확인 후 제조,500g/1kg,,커피원두 100%,커피루소 02-2056-7619,"직사광선을 피하고 온도, 습도가 낮으며 통풍이 잘 되는 곳에 밀폐 보관",,,,,,,,,,,,,,,,,,,,,
모리 케피어 로부스타 TR4,커피,서울특별시 광진구 면목로 5-1 1층 102호,제조일로부터 1년,주문 확인 후 제조,200g,,커피원두 100%,라까프 070-8098-2019,"직사광선을 피하고 온도, 습도가 낮으며 통풍이 잘 되는 곳에 밀폐 보관",,,,,,,,,,,,,,,,,,,,,
시다모 파피초 내추럴,커피,"서울특별시 성동구 왕십리로 410, I동 1층 141호 (하왕십리동, 센트라스)",제조일로부터 1년,주문 확인 후 제조,200g,,커피원두 100%,수수커피 010-5068-4771,"직사광선을 피하고 온도, 습도가 낮으며 통풍이 잘 되는 곳에 밀폐 보관",,,,,,,,,,,,,,,,,,,,,
엘 살바도르 라 시베리아 레드버번 워시드,커피,경기도 광주시 고불로 450-3 에이스폴딩 뒷편 지층 55도커피로스터스,제조일로부터 1년,주문 확인 후 제조,200g,,커피원두 100%,55도 커피로스터스 010-2671-8620,"직사광선을 피하고 온도, 습도가 낮으며 통풍이 잘 되는 곳에 밀폐 보관",,,,,,,,,,,,,,,,,,,,,
에티오피아 예가체프 아리차 g1 내추럴,커피,경기 고양시 일산동구 장대길 75-53 나동 1층 JMD Coffee Factory,제조일로부터 1년,주문 확인 후 제조,1kg,,커피원두 100%,제이엠디커피팩토리 010-9903-8794,"직사광선을 피하고 온도, 습도가 낮으며 통풍이 잘 되는 곳에 밀폐 보관",,,,,,,,,,,,,,,,,,,,,
커튼콜,커피,제주 제주시 한경면 용금로 442 / CRACKERS COFFEE ROASTERS,제조일로부터 1년,주문 확인 후 제조,1kg,,커피원두 100%,크래커스 커피 로스터스 010-2605-1001,"직사광선을 피하고 온도, 습도가 낮으며 통풍이 잘 되는 곳에 밀폐 보관",,,,,,,,,,,,,,,,,,,,,
Parachute (패러슈트),커피,서울시 관악구 은천로 39,제조일로부터 1년,주문 확인 후 제조,1kg,,커피원두 100%,UFO 커피로스터스 010-4240-8455,"직사광선을 피하고 온도, 습도가 낮으며 통풍이 잘 되는 곳에 밀폐 보관",,,,,,,,,,,,,,,,,,,,,
타이거 스모크 블랜드,커피,경북 구미시 산동읍 첨단기업1로 42,제조일로부터 1년,주문 확인 후 제조,1kg,,커피원두 100%,퍼블릭 커피 로스터즈 010-9328-0036,"직사광선을 피하고 온도, 습도가 낮으며 통풍이 잘 되는 곳에 밀폐 보관",,,,,,,,,,,,,,,,,,,,,
Santo Negro 산토네그로,커피,경기 고양시 덕양구 의장로 29-31 1층,제조일로부터 1년,주문 확인 후 제조,1kg,,커피원두 100%,클라리멘토 010-9290-5005,"직사광선을 피하고 온도, 습도가 낮으며 통풍이 잘 되는 곳에 밀폐 보관",,,,,,,,,,,,,,,,,,,,,
스타가이 블랜드,커피,경기도 수원시 팔달구 창룡대로103번길 132,제조일로부터 1년,주문 확인 후 제조,1kg,,커피원두 100%,커피가이 070-4897-3440,"직사광선을 피하고 온도, 습도가 낮으며 통풍이 잘 되는 곳에 밀폐 보관",,,,,,,,,,,,,,,,,,,,,
블렌드 애플 레드,커피,"서울시 송파구 법원로 114, B동 106호",제조일로부터 1년,주문 확인 후 제조,1kg,,커피원두 100%,리프커피 010-9955-1551,"직사광선을 피하고 온도, 습도가 낮으며 통풍이 잘 되는 곳에 밀폐 보관",,,,,,,,,,,,,,,,,,,,,
케냐 야라 AB TOP,커피,서울특별시 영등포구 문래로 20길 60 501호,제조일로부터 1년,주문 확인 후 제조,1kg,,커피원두 100%,블랙빈스 010-7747-4918,"직사광선을 피하고 온도, 습도가 낮으며 통풍이 잘 되는 곳에 밀폐 보관",,,,,,,,,,,,,,,,,,,,,
에티오피아 반코 고티티 G1 워시드,커피,경기도 광주시 오포읍 수레실길 144,제조일로부터 1년,주문 확인 후 제조,1kg,,커피원두 100%,한국커피 010-9957-4231,"직사광선을 피하고 온도, 습도가 낮으며 통풍이 잘 되는 곳에 밀폐 보관",,,,,,,,,,,,,,,,,,,,,
디카페인 싱글 오리진 커피,커피,"전라남도 장성군 진원면 나노산단2로 52, 205호",제조일로부터 1년,주문 확인 후 제조,1kg,,커피원두 100%,링크 커피 로스터스 010-5035-1425,"직사광선을 피하고 온도, 습도가 낮으며 통풍이 잘 되는 곳에 밀폐 보관",,,,,,,,,,,,,,,,,,,,,
올드네이버,커피,서울특별시 강남구 신사동 526 두인빌딩 지층 2호,제조일로부터 1년,주문 확인 후 제조,1kg,,커피원두 100%,스티머스 커피팩토리 010-6620-5557,"직사광선을 피하고 온도, 습도가 낮으며 통풍이 잘 되는 곳에 밀폐 보관",,,,,,,,,,,,,,,,,,,,,
피크 블렌드,원두커피,,,,,,,코케 고객센터 070-4647-1868,,오드이븐,부산광역시 중구 중구로 29번길 7 오드이븐,주문접수 후 당일제조,제조일로부터 6개월 이내 권장,,원두커피 100%,,,,,,,200g / 1kg,,,,,,,,
자몽 블렌딩,볶은커피,경상남도 진주시 남강로 36 (판문동) 1층 플라워진양호점,제조일로부터 12개월 이내,주문일로부터 7일 이내,500g / 1kg,-,커피원두 100%,코케 고객센터 070-4647-1868,,,,,,,,,,,,,,,,,,,,,,
하늘에 시그니처 블랜딩,커피원두,,제조일로부터 1년,전면 별도 표기,200g / 1kg,,,코케 고객센터 070-4647-1868,"개봉 후 서늘한 곳에 밀폐하여 보관하시고, 되도록 공기와의 접촉을 피해야합니다.",,"제주시 애월읍 고내3길 14(애월공장), 서울시 마포구 월드컵북로 42다길 14(상암공장)",,,,,,,,,,,,커피원두 100%,주식회사 하늘에커피,,,,,,
DCW 블렌드,커피 원두,"파주시 꽃아마길41, 디카프워크룸",제조일로부터 1년,제조일 별도 표기 (제품 뒷면),200g / 500g,직사광선을 피하고 밀봉하여 건조하고 서늘한 곳에 보관,커피원두 100%,코케 고객센터 070-4647-1868,,,,,,,,,,,,,,,,,,,,,,
보난자 블렌드,커피원두,서울특별시 용산구 이태원로49길 24,제조일로부터 1년,제조일 별도 표기(제품 뒷면),250g / 1kg,직사광선을 피하고 밀봉하여 건조하고 서늘한 곳에 보관,"커피원두 100%(브라질 60%, 콜롬비아 40%)",코케 고객센터 070-4647-1868,,,,,,,,,,,,,,,,,,,,,,
피치 슬럽 블렌드,볶은 커피,"광주광역시 동구 준법로 14, 1층 슬러핀커피",제조일로부터 6개월,별도표기,250g / 1kg,직사광선을 피하고 서늘하고 건조한 곳,"원두 100% (에티오피아 60%, 콜롬비아 40%)",코케 고객센터 070-4647-1868,,,,,,,,,,,,,,,,,,,,,,
허클베리,,,제조일로부터1년,,,,,코케 고객센터 070-4647-1868,건조하고 서늘한 곳에 보관,,,,,,,차군커피,,,별도표기,,,,,차군커피로스터스,커피원두100%,별도표기,경남 밀양시 가곡11길 4,제2017-0611180호,별도표기,제조일로부터 1개월
브라질 캄포 알레그레,커피,"웨이브온커피, 부산광역시 기장군 장안읍 해맞이로 286",제조일로부터 1년,별도 표시,200g / 1kg,밀봉 후 직사광선을 피하여 실온 보관,커피원두100%,코케 고객센터 070-4647-1868,,,,,,,,,,,,,,,,,,,,,,
Seasonal Blend,볶은커피,"(주)펠트, 경기도 고양시 덕양구 덕은동 74-1 1층",제조일로 부터 1년,후면별도표시,200g / 1kg,서늘한 곳에 밀폐보관,커피원두 100%,코케 고객센터 070-4647-1868,,,,,,,,,,,,,,,,,,,,,,
콜롬비아 디카페인,볶은 커피,"(주)502커피로스터스, 서울 금천구 가산디지털1로 159-20",제조일로부터 1년,별도표기,200g / 1kg,서늘한 곳에 밀폐보관,커피원두 100% (콜롬비아100%),코케 고객센터 070-4647-1868,,,,,,,,,,,,,,,,,,,,,,
인디언 헤드,커피,"경기도 성남시 중원구 사기막골로 124, skn테크노파크 메가센터 1411호, (주)프레이저커피",제조일로부터 1년,주문시 로스팅,200g / 1kg,실온보관,"커피원두 100%(브라질 50%, 콜롬비아 30%, 베트남 20%)",코케 고객센터 070-4647-1868,,,,,,,,,,,,,,,,,,,,,,
룰라바이,원두 커피,"영앤도터스, 서울 마포구 마포대로 156 공덕 프루지오시티 1층 107호",제조일로부터 1년(권장기한 제조일로부터 1달),제조일 별도 표기,200g / 1kg,직사광선을 피하고 밀봉하여 건조하고 서늘한 곳에 보관,"원두 커피(멕시코 70%, 콜롬비아 30%)",코케 고객센터 070-4647-1868,,,,,,,,,,,,,,,,,,,,,,
Blend N.3,원두,"스탠딩커피로스터스 (주), 서울시 용산구 이태원동 210-8번지",제조일로부터 3개월,별도 표기,200g / 1kg,직사광선 피하고 서늘한 곳,볶은원두 100%,코케 고객센터 070-4647-1868,,,,,,,,,,,,,,,,,,,,,,
덕분에블렌드,커피,경기도 성남시 중원구 둔촌대로 531 쌍용IT트윈타워 B동 901-2호,제조일로부터 1년,주문 확인 후 제조,1kg,,커피원두 100%,챁챁커피 031-736-0090,"직사광선을 피하고 온도, 습도가 낮으며 통풍이 잘 되는 곳에 밀폐 보관",,,,,,,,,,,,,,,,,,,,,
디카페인 과테말라 SHB 싱글오리진,커피,경기도 부천시 중동로356번길 6 필리그리커피,제조일로부터 1년,별도 표시,1kg,,커피원두 100%,필리그리커피 032-672-9127,"직사광선을 피하고 온도, 습도가 낮으며 통풍이 잘 되는 곳에 밀폐 보관",,,,,,,,,,,,,,,,,,,,,
다크초콜릿 블렌드,원두커피,,,,,,,코케 고객센터 070-4647-1868,,180커피로스터스,경기도 성남시 분당구 문정로144번길 4,제품 별도 표기,제품 별도 표기,200g / 1kg,"원두커피 100% (콜롬비아 50%, 브라질 30%, 인도 20%)",,,,,,,,,,,,,,,
2nd WAVE : Customizing,볶은커피,"뉴웨이브커피로스터스, 서울시 양천구 오목로 56길 2, 영원빌딩 103호",제조일로부터 12개월,제품하단부 표시,200g / 1kg,직사광선을 피하고 서늘한 곳에 보관하세요.,"브라질 생두 40%, 인도네시아 40%, 에티오피아 20%",코케 고객센터 070-4647-1868,,,,,,,,,,,,,,,,,,,,,,
파나마 코토와 돈케이,커피,"앤써커피, 경기 고양시 일산서구 중앙로 1371 뉴서울프라자 3층",제조일로부터 12개월,별도 표시,500g,"직사광선을 피하고, 건냉한 곳에 보관",커피생두(100%),코케 고객센터 070-4647-1868,,,,,,,,,,,,,,,,,,,,,,
스프링 블렌드,커피,"서울시 강서구 공항대로 164, 411",제조일로부터 1년,주문 확인 후 제조,1kg,,커피원두 100%,커스프 커피 010-3267-0430,"직사광선을 피하고 온도, 습도가 낮으며 통풍이 잘 되는 곳에 밀폐 보관",,,,,,,,,,,,,,,,,,,,,
시에나,커피,"루비아 / 경기 성남시 사기막골로 124, 비즈동 1412호 루비아",제조일로부터 1년,주문 확인 후 제조,1kg,,커피원두 100%,루비아 커피 / 010-2942-3069,"직사광선을 피하고 온도, 습도가 낮으며 통풍이 잘 되는 곳에 밀폐 보관",,,,,,,,,,,,,,,,,,,,,
꼬수운돌솥밥 블렌딩,커피,서울 동대문구 답십리로 80 1층,제조일로부터 1년,주문 확인 후 제조,1kg,,커피원두 100%,원더월 커피 로스터스 010-8754-6467,"직사광선을 피하고 온도, 습도가 낮으며 통풍이 잘 되는 곳에 밀폐 보관",,,,,,,,,,,,,,,,,,,,,
커넥츠 블렌드,원두커피,"커넥츠커피, 서울특별시 마포구 성지길 60, 1층(국제빌딩)",제조일로부터 12개월,주문일로부터 3일 이내,200g / 1kg,"직사광선을 피해 온도, 습도가 낮으며 통풍이 잘 되는 곳에 보관하십시오.","커피원두100%(콜롬비아 40%, 에티오피아 20%, 과테말라 20%, 코스타리카 15%, 인도 5%)",코케 고객센터 070-4647-1868,,,,,,,,,,,,,,,,,,,,,,
네이비렄다크 블렌드,커피,서울 강북구 한천로139가길 15 1층,제조일로부터 1년,주문 확인 후 제조,1kg,,커피원두 100%,칠복상회 010-6521-4889,"직사광선을 피하고 온도, 습도가 낮으며 통풍이 잘 되는 곳에 밀폐 보관",,,,,,,,,,,,,,,,,,,,,
디카페인 과테말라 블렌드,커피,"주식회사 디카커피랩, 고양시 일산동구 은마길79번길 42",제조일로부터 1년,별도표기,200g / 1kg,서늘한 곳에 보관,커피원두(과테말라산 100%),코케 고객센터 070-4647-1868,,,,,,,,,,,,,,,,,,,,,,
스테이블 블렌드,커피,경기도 수원시 장안구 금당로90번길 38 이수팩토리,제조일로부터 1년,주문 확인 후 제조,1kg,,커피원두 100%,이수팩토리 01086348481,"직사광선을 피하고 온도, 습도가 낮으며 통풍이 잘 되는 곳에 밀폐 보관",,,,,,,,,,,,,,,,,,,,,
시즈널 블렌드 '여름',커피,부산광역시 중구 중앙대로29번길 6,제조일로부터 1년,주문 확인 후 제조,1kg,,커피원두 100%,연경재 010-6662-4474,"직사광선을 피하고 온도, 습도가 낮으며 통풍이 잘 되는 곳에 밀폐 보관",,,,,,,,,,,,,,,,,,,,,
D1,커피,경기도 화성시 동탄지성로 306번길 68,제조일로부터 1년,주문 확인 후 제조,1kg,,커피원두 100%,운조커피 010-4535-8819,"직사광선을 피하고 온도, 습도가 낮으며 통풍이 잘 되는 곳에 밀폐 보관",,,,,,,,,,,,,,,,,,,,,
아게다 블렌딩,커피,서울 서대문구 연희로 46-1,제조일로부터 1년,주문 확인 후 제조,1kg,,커피원두 100%,웨이즈커피 010-6434-8150,"직사광선을 피하고 온도, 습도가 낮으며 통풍이 잘 되는 곳에 밀폐 보관",,,,,,,,,,,,,,,,,,,,,
숲,커피,"나무사이로, 경기도 성남시 분당구 석운로 33",제조일로부터 1년,별도표기,200g / 1kg,직사광선을 피하고 서늘하고 건조한 곳,아라비카 원두 100%,코케 고객센터 070-4647-1868,,,,,,,,,,,,,,,,,,,,,,
마일드 블렌딩,커피,"충청남도 논산시 연산면 황룡재로 65, 2층",제조일로부터 1년,주문 확인 후 제조,1kg,,커피원두 100%,서가로스터리 01063083067,"직사광선을 피하고 온도, 습도가 낮으며 통풍이 잘 되는 곳에 밀폐 보관",,,,,,,,,,,,,,,,,,,,,
젠틀레인 디카페인,원두커피,"브니엘컴퍼니, 서울시 양천구 가로공원로56길 27-1 1층 브니엘 커피 로스터스",제조일로부터 1년,상단에 표시,200g / 1kg,없음,아라비카 100%,코케 고객센터 070-4647-1868,,,,,,,,,,,,,,,,,,,,,,
브라질 디카페인,커피,"서울특별시 마포구 월드컵북로6길 88, 2층(동교동)",제조일로부터 1년,주문 확인 후 제조,1kg,,커피원두 100%,리플로우 커피 로스터스 010-4932-9198,"직사광선을 피하고 온도, 습도가 낮으며 통풍이 잘 되는 곳에 밀폐 보관",,,,,,,,,,,,,,,,,,,,,
M블랙,커피,경기도 고양시 덕양구 행신동 741-17 1층,제조일로부터 1년,주문 확인 후 제조,1kg,,커피원두 100%,커피네츄럴스페셜티,"직사광선을 피하고 온도, 습도가 낮으며 통풍이 잘 되는 곳에 밀폐 보관",,,,,,,,,,,,,,,,,,,,,
에티오피아 시다모 G1 봄베 와인 내추럴,커피,경기도 고양시 덕양구 행당로 1 4층 401호,제조일로부터 1년,주문 확인 후 제조,1kg,,커피원두 100%,컨트리사이드 010-6639-4576,"직사광선을 피하고 온도, 습도가 낮으며 통풍이 잘 되는 곳에 밀폐 보관",,,,,,,,,,,,,,,,,,,,,
에티오피아 시다마 파피초 내추럴,커피,서울시 동작구 솔밭로 97-6,제조일로부터 1년,주문 확인 후 제조,"1kg,500g,200g",,커피원두 100%,싸인포스트커피 010-4879-1791,"직사광선을 피하고 온도, 습도가 낮으며 통풍이 잘 되는 곳에 밀폐 보관",,,,,,,,,,,,,,,,,,,,,
에티오피아 G1 콩가,커피,"리버벨, 서울시 관악구 남현 2길 18 1층",제조일부터 1년 이내,별도 표기,150g / 400g,상온 보관,원두커피 100%,코케 고객센터 070-4647-1868,,,,,,,,,,,,,,,,,,,,,,
ESPRESSO DECAF(디카페인),볶은 커피,서울특별시 강남구 학동로50길 42,제조일로부터 1년,상품 후면 표기,1kg,,커피원두 100%,마그마커피 070-7599-2210,습기 및 직사광선을 피하고 서늘한 장소에 보관하십시오.,,,,,,,,,,,,,,,,,,,,,
랑케블랙,커피,경기 안산시 단원구 산단로 296 522호,제조일로부터 1년,주문 확인 후 제조,1kg,,커피원두 100%,랑케커피 01089630224,"직사광선을 피하고 온도, 습도가 낮으며 통풍이 잘 되는 곳에 밀폐 보관",,,,,,,,,,,,,,,,,,,,,
콜롬비아 디카페인 커피 원두 새벽,커피,"경기도 부천시 양지로92번길 9-3, 106호",제조일로부터 1년,주문 확인 후 제조,200kg,,커피원두 100%,오이르 로스터스 07080283535,"직사광선을 피하고 온도, 습도가 낮으며 통풍이 잘 되는 곳에 밀폐 보관",,,,,,,,,,,,,,,,,,,,,
조바티 디카페인 블렌드,커피,"경기도 고양시 일산동구 일산로 372번길 30-5, 1층",제조일로부터 1년,주문 확인 후 제조,1kg,,커피원두 100%,조바티커피 070-4203-6900,"직사광선을 피하고 온도, 습도가 낮으며 통풍이 잘 되는 곳에 밀폐 보관",,,,,,,,,,,,,,,,,,,,,
에티오피아 시다모 G1 봄베 와인 내추럴,커피,경기도 고양시 덕양구 행당로 1 4층 401호,제조일로부터 1년,주문 확인 후 제조,1kg,,커피원두 100%,컨트리사이드 010-6639-4576,"직사광선을 피하고 온도, 습도가 낮으며 통풍이 잘 되는 곳에 밀폐 보관",,,,,,,,,,,,,,,,,,,,,
라이프 블렌드,커피,경기도 안산시 단원구 만해로 205 타원타크라3 a동 113호 114호,제조일로부터 1년,주문 확인 후 제조,1kg,,커피원두 100%,디그리 01031660563,"직사광선을 피하고 온도, 습도가 낮으며 통풍이 잘 되는 곳에 밀폐 보관",,,,,,,,,,,,,,,,,,,,,
웨이브온 컴페티션 블랜드,커피,부산 기장군 장안읍 해맞이로 286,제조일로부터 1년,주문 확인 후 제조,1kg,,커피원두 100%,웨이브온 커피 051-727-1660 /2번,"직사광선을 피하고 온도, 습도가 낮으며 통풍이 잘 되는 곳에 밀폐 보관",,,,,,,,,,,,,,,,,,,,,
파나마 페리엔 게이샤 워시드,커피,경기도 파주시 조리읍 고봉로 929 2층,제조일로부터 1년,주문 확인 후 제조,1kg,,커피원두 100%,오프사이트 0507-1399-2781,"직사광선을 피하고 온도, 습도가 낮으며 통풍이 잘 되는 곳에 밀폐 보관",,,,,,,,,,,,,,,,,,,,,
디카페인 원두 (브라질),커피,"인천 서구 가정로261번길 7 101~102호(석남동, 인천플러스)",제조일로부터 1년,주문 확인 후 제조,1kg,,커피원두 100%,이보크 010-9290-1646,"직사광선을 피하고 온도, 습도가 낮으며 통풍이 잘 되는 곳에 밀폐 보관",,,,,,,,,,,,,,,,,,,,,
비터스윗,커피,"서울특별시 강남구 학동로 107, 5층",제조일로부터 1년,주문 확인 후 제조,500g/1kg,,커피원두 100%,커피루소 02-2056-7619,"직사광선을 피하고 온도, 습도가 낮으며 통풍이 잘 되는 곳에 밀폐 보관",,,,,,,,,,,,,,,,,,,,,
에티오피아 케라모 G1 워시드,커피,"서울특별시 강남구 테헤란로 129, 지하 1층 2, 3호(역삼동)",제조일로부터 1년,주문 확인 후 제조,200g,,커피원두 100%,수수커피 010-5068-4771,"직사광선을 피하고 온도, 습도가 낮으며 통풍이 잘 되는 곳에 밀폐 보관",,,,,,,,,,,,,,,,,,,,,
버밀리온 헤오 블렌딩,커피,"올인커피 / 서울특별시 강서구 공항대로 212, A동 501호",제조일로부터 1년,주문 확인 후 제조,1kg,,커피원두 100%,올인커피 010-7636-6916,"직사광선을 피하고 온도, 습도가 낮으며 통풍이 잘 되는 곳에 밀폐 보관",,,,,,,,,,,,,,,,,,,,,
라 콜리나,커피,서울특별시 중구 청구로 123,제조일로부터 1년,주문 확인 후 제조,1kg,,커피원두 100%,피어 커피로스터스 010-9388-7053,"직사광선을 피하고 온도, 습도가 낮으며 통풍이 잘 되는 곳에 밀폐 보관",,,,,,,,,,,,,,,,,,,,,
아이에스오 백,커피,제주 제주시 한경면 용금로 442 / CRACKERS COFFEE ROASTERS,제조일로부터 1년,주문 확인 후 제조,1kg,,커피원두 100%,크래커스 커피 로스터스 010-2605-1001,"직사광선을 피하고 온도, 습도가 낮으며 통풍이 잘 되는 곳에 밀폐 보관",,,,,,,,,,,,,,,,,,,,,
디카페인 원두,커피,경북 구미시 산동읍 첨단기업1로 42,제조일로부터 1년,주문 확인 후 제조,1kg,,커피원두 100%,퍼블릭 커피 로스터즈 010-9328-0036,"직사광선을 피하고 온도, 습도가 낮으며 통풍이 잘 되는 곳에 밀폐 보관",,,,,,,,,,,,,,,,,,,,,
Snokel (스노클),커피,서울시 관악구 은천로 39,제조일로부터 1년,주문 확인 후 제조,1kg,,커피원두 100%,UFO 커피로스터스 010-4240-8455,"직사광선을 피하고 온도, 습도가 낮으며 통풍이 잘 되는 곳에 밀폐 보관",,,,,,,,,,,,,,,,,,,,,
디카페인 에티오피아 예가체프 콩가 내추럴,커피,경기 고양시 일산동구 장대길 75-53 나동 1층 JMD Coffee Factory,제조일로부터 1년,주문 확인 후 제조,1kg,,커피원두 100%,제이엠디커피팩토리 010-9903-8794,"직사광선을 피하고 온도, 습도가 낮으며 통풍이 잘 되는 곳에 밀폐 보관",,,,,,,,,,,,,,,,,,,,,
레드써클 블렌드,커피,충북 청주시 청원구 내수읍 충청대로 904,제조일로부터 1년,주문 확인 후 제조,1kg,,커피원두 100%,하우트 커피컴퍼니 070-7503-5677,"직사광선을 피하고 온도, 습도가 낮으며 통풍이 잘 되는 곳에 밀폐 보관",,,,,,,,,,,,,,,,,,,,,
콜롬비아 후일라 수프리모,커피,서울시 강남구 강남대로154길 33,제조일로부터 1년,주문 확인 후 제조,250g / 1kg,,커피원두 100%,식물학 커피로스터스 010-6506-4165,"직사광선을 피하고 온도, 습도가 낮으며 통풍이 잘 되는 곳에 밀폐 보관",,,,,,,,,,,,,,,,,,,,,
블렌드 너티 퍼플,커피,"서울시 송파구 법원로 114, B동 106호",제조일로부터 1년,주문 확인 후 제조,1kg,,커피원두 100%,리프커피 010-9955-1551,"직사광선을 피하고 온도, 습도가 낮으며 통풍이 잘 되는 곳에 밀폐 보관",,,,,,,,,,,,,,,,,,,,,
케냐 야라 AB TOP,커피,서울특별시 영등포구 문래로 20길 60 501호,제조일로부터 1년,주문 확인 후 제조,1kg,,커피원두 100%,블랙빈스 010-7747-4918,"직사광선을 피하고 온도, 습도가 낮으며 통풍이 잘 되는 곳에 밀폐 보관",,,,,,,,,,,,,,,,,,,,,
에티오피아 구지 라요 타라가 워시드,볶은커피,"서울시 마포구 동교로22길 21,1층 리밀커피",제조일로부터 3개월 이내,주문일로부터 7일 이내,200g / 400g,-,커피원두 100%(에티오피아산),코케 고객센터 070-4647-1868,,,,,,,,,,,,,,,,,,,,,,
에티오피아 예가체프 G2,커피,"전라남도 장성군 진원면 나노산단2로 52, 205호",제조일로부터 1년,주문 확인 후 제조,1kg,,커피원두 100%,링크 커피 로스터스 010-5035-1425,"직사광선을 피하고 온도, 습도가 낮으며 통풍이 잘 되는 곳에 밀폐 보관",,,,,,,,,,,,,,,,,,,,,
조이가이 블랜드,커피,경기도 수원시 팔달구 창룡대로103번길 132,제조일로부터 1년,주문 확인 후 제조,1kg,,커피원두 100%,커피가이 070-4897-3440,"직사광선을 피하고 온도, 습도가 낮으며 통풍이 잘 되는 곳에 밀폐 보관",,,,,,,,,,,,,,,,,,,,,
딥씨 블렌드,볶은 커피,"(주)502커피로스터스, 서울 금천구 가산디지털1로 159-20",제조일로부터 1년,별도표기,200g / 1kg,서늘한 곳에 밀폐보관,커피원두 100%,코케 고객센터 070-4647-1868,,,,,,,,,,,,,,,,,,,,,,
골든에라,커피(볶은커피),"(주)핸디엄, 경기도 여주시 세종대왕면 상동길 68",제조일로부터 12개월,상단 표기일,140g / 1kg,"직사광선을 피하고 온도, 습도가 낮으며 통풍이 잘 되는 곳에 보관하여 주십시오.","커피원두 100% (콜롬비아산 50%, 에티오피아산 30%, 코스타리카산 20%)",핸디엄 고객센터 1599-2681,,,,,,,,,,,,,,,,,,,,,,
Blend N.1,원두,"스탠딩커피로스터스 (주), 서울시 용산구 이태원동 210-8번지",제조일로부터 3개월,별도 표기,200g / 1kg,직사광선 피하고 서늘한 곳,볶은원두 100%,코케 고객센터 070-4647-1868,,,,,,,,,,,,,,,,,,,,,,
휘둥그레블렌드,커피,경기도 성남시 중원구 둔촌대로 531 쌍용IT트윈타워 B동 901-2호,제조일로부터 1년,주문 확인 후 제조,1kg,,커피원두 100%,챁챁커피 031-736-0090,"직사광선을 피하고 온도, 습도가 낮으며 통풍이 잘 되는 곳에 밀폐 보관",,,,,,,,,,,,,,,,,,,,,
66도 블렌드,원두커피,"55도 커피로스터스, 경기도 성남시 분당구 서현동 175-5번지",제조일로부터 24개월,전면 별도 표기,200g / 1kg,"직사광선을 피해 온도, 습도가 낮으며 통풍이 잘 되는 곳에 보관하십시오.",커피원두100%,코케 고객센터 070-4647-1868,,,,,,,,,,,,,,,,,,,,,,
ESPRESSO 3s,볶은커피,"(주)한국커피, 경기도 오포읍 수레실길 144",제조일자로부터 1년,별도 표기,200g / 1kg,직사광선을 피하고 서늘하고 건조한 곳에 보관하십시오. 개봉 후 빨리 드시기 바랍니다.,원두커피 100%,코케 고객센터 070-4647-1868,,,,,,,,,,,,,,,,,,,,,,
꼬소한쌀밥 블렌딩,커피,서울 동대문구 답십리로 80 1층,제조일로부터 1년,주문 확인 후 제조,1kg,,커피원두 100%,원더월 커피 로스터스 010-8754-6467,"직사광선을 피하고 온도, 습도가 낮으며 통풍이 잘 되는 곳에 밀폐 보관",,,,,,,,,,,,,,,,,,,,,
윈터 블렌드,커피,"서울시 강서구 공항대로 164, 411",제조일로부터 1년,주문 확인 후 제조,1kg,,커피원두 100%,커스프 커피 010-3267-0430,"직사광선을 피하고 온도, 습도가 낮으며 통풍이 잘 되는 곳에 밀폐 보관",,,,,,,,,,,,,,,,,,,,,
콜롬비아 디카페인,커피,서울 강북구 한천로139가길 15 1층,제조일로부터 1년,주문 확인 후 제조,1kg,,커피원두 100%,칠복상회로스터스 010-6521-4889,"직사광선을 피하고 온도, 습도가 낮으며 통풍이 잘 되는 곳에 밀폐 보관",,,,,,,,,,,,,,,,,,,,,
다크우드,커피,"나무사이로, 경기도 성남시 분당구 석운로 33",제조일로부터 1년,별도표기,200g / 1kg,직사광선을 피하고 서늘하고 건조한 곳,아라비카 원두 100%,코케 고객센터 070-4647-1868,,,,,,,,,,,,,,,,,,,,,,
에티오피아 예가체프 G1 할로 베리티 워시드,커피,경기도 부천시 중동로356번길 6 필리그리커피,제조일로부터 1년,별도 표시,200g,,커피원두 100%,필리그리커피 032-672-9127,"직사광선을 피하고 온도, 습도가 낮으며 통풍이 잘 되는 곳에 밀폐 보관",,,,,,,,,,,,,,,,,,,,,
콜롬비아 핀카 라 레세르바 카투라치로소,커피,경기 성남시 분당구 문정로144번길 4,제조일로부터 1년,주문 확인 후 제조,200g / 500g,,커피원두 100%,180커피로스터스 010-4510-8597,"직사광선을 피하고 온도, 습도가 낮으며 통풍이 잘 되는 곳에 밀폐 보관",,,,,,,,,,,,,,,,,,,,,
디카페인 스윗 블라썸 블렌드,커피,"주식회사 디카커피랩, 고양시 일산동구 은마길79번길 42",제조일로부터 1년,별도표기,1kg,,"커피원두(과테말라 70%, 에티오피아 30%)",코케 고객센터 070-4647-1868,"직사광선을 피하고 온도, 습도가 낮으며 통풍이 잘 되는 곳에 밀폐 보관",,,,,,,,,,,,,,,,,,,,,
기디 블렌드,커피,경기도 수원시 장안구 금당로90번길 38 이수팩토리,제조일로부터 1년,주문 확인 후 제조,1kg,,커피원두 100%,이수팩토리 01086348481,"직사광선을 피하고 온도, 습도가 낮으며 통풍이 잘 되는 곳에 밀폐 보관",,,,,,,,,,,,,,,,,,,,,
케냐 AA TOP 키린야가 카리아,커피,서울 관악구 남현2길 18 1층,제조일로부터 1년,주문 확인 후 제조,400g,,커피원두 100%,리버벨 010-7220-7215,"직사광선을 피하고 온도, 습도가 낮으며 통풍이 잘 되는 곳에 밀폐 보관",,,,,,,,,,,,,,,,,,,,,
람블라 블렌딩,커피,서울 서대문구 연희로 46-1,제조일로부터 1년,주문 확인 후 제조,1kg,,커피원두 100%,웨이즈커피 010-6434-8150,"직사광선을 피하고 온도, 습도가 낮으며 통풍이 잘 되는 곳에 밀폐 보관",,,,,,,,,,,,,,,,,,,,,
다크로스팅 에티오피아 웨스트 아라시 넨세보 만도예 워시드,커피,"경기도 성남시 중원구 사기막골로 124, 비즈센터 1412호 루비아",제조일로부터 1년,주문 확인 후 제조,1kg,,커피원두 100%,루비아 커피 010-2942-3069,"직사광선을 피하고 온도, 습도가 낮으며 통풍이 잘 되는 곳에 밀폐 보관",,,,,,,,,,,,,,,,,,,,,
콜롬비아 파라이소92 핑크버본,커피,서울시 동작구 솔밭로 97-6,제조일로부터 1년,주문 확인 후 제조,200g,,커피원두 100%,싸인포스트커피 010-4879-1791,"직사광선을 피하고 온도, 습도가 낮으며 통풍이 잘 되는 곳에 밀폐 보관",,,,,,,,,,,,,,,,,,,,,
디카페인 엘살바도르,커피,경기 고양시 일산동구 일산로372번길 30-5 1층,제조일로부터 1년,주문 확인 후 제조,1kg,,커피원두 100%,조바티커피 070-4203-6900,"직사광선을 피하고 온도, 습도가 낮으며 통풍이 잘 되는 곳에 밀폐 보관",,,,,,,,,,,,,,,,,,,,,
ETNA(에트나),볶은 커피,서울특별시 강남구 학동로50길 42,제조일로부터 1년,상품 후면 표기,1kg,,커피원두 100%,마그마커피 070-7599-2210,습기 및 직사광선을 피하고 서늘한 장소에 보관하십시오.,,,,,,,,,,,,,,,,,,,,,
반월 블렌드,커피,디그리,제조일로부터 1년,주문 확인 후 제조,1kg,,커피원두 100%,디그리 01031660563,"직사광선을 피하고 온도, 습도가 낮으며 통풍이 잘 되는 곳에 밀폐 보관",,,,,,,,,,,,,,,,,,,,,
카메오 블렌딩,커피,"올인커피 / 서울특별시 강서구 공항대로 212, A동 501호",제조일로부터 1년,주문 확인 후 제조,1kg,,커피원두 100%,올인커피 010-7636-6916,"직사광선을 피하고 온도, 습도가 낮으며 통풍이 잘 되는 곳에 밀폐 보관",,,,,,,,,,,,,,,,,,,,,
발렌타인 플러스,원두커피,"커넥츠커피, 서울특별시 마포구 성지길 60, 1층(국제빌딩)",제조일로부터 12개월,주문일로부터 3일 이내,200g / 1kg,"직사광선을 피해 온도, 습도가 낮으며 통풍이 잘 되는 곳에 보관하십시오.","커피원두100%(인도네시아, 과테말라, 코스타리카)",코케 고객센터 070-4647-1868,,,,,,,,,,,,,,,,,,,,,,
브라질 세하도 NY2,커피,서가로스터리 (충남 논산시 연산면 황룡재로 65 2층 서가로스터리 1사무실),제조일로부터 1년,주문 확인 후 제조,200g,,커피원두 100%,서가로스터리 01063083067,"직사광선을 피하고 온도, 습도가 낮으며 통풍이 잘 되는 곳에 밀폐 보관",,,,,,,,,,,,,,,,,,,,,
Harum 블렌딩,커피,경기 고양시 일산동구 장대길 75-53 나동 1층 JMD Coffee Factory,제조일로부터 1년,주문 확인 후 제조,1kg,,커피원두 100%,제이엠디커피팩토리 010-9903-8794,"직사광선을 피하고 온도, 습도가 낮으며 통풍이 잘 되는 곳에 밀폐 보관",,,,,,,,,,,,,,,,,,,,,
브라질 산타루시아,커피,서울시 관악구 은천로 39,제조일로부터 1년,주문 확인 후 제조,1kg,,커피원두 100%,UFO 커피로스터스 010-4240-8455,"직사광선을 피하고 온도, 습도가 낮으며 통풍이 잘 되는 곳에 밀폐 보관",,,,,,,,,,,,,,,,,,,,,
짙은 블렌드,커피,경기도 부천시 소사구 호현로 489,제조일로부터 1년,주문 확인 후 제조,200g/ 1kg,,커피원두 100%,카페소소한사치 010-9340-4364,"직사광선을 피하고 온도, 습도가 낮으며 통풍이 잘 되는 곳에 밀폐 보관",,,,,,,,,,,,,,,,,,,,,
에티오피아 하루수케,커피,서울특별시 영등포구 문래로 20길 60 501호,제조일로부터 1년,주문 확인 후 제조,1kg,,커피원두 100%,블랙빈스 010-5684-2955,"직사광선을 피하고 온도, 습도가 낮으며 통풍이 잘 되는 곳에 밀폐 보관",,,,,,,,,,,,,,,,,,,,,
콜롬비아 비야라조 민트,커피,경기도 파주시 조리읍 고봉로 929 2층,제조일로부터 1년,주문 확인 후 제조,1kg,,커피원두 100%,오프사이트 0507-1399-2781,"직사광선을 피하고 온도, 습도가 낮으며 통풍이 잘 되는 곳에 밀폐 보관",,,,,,,,,,,,,,,,,,,,,
M1,커피,경기도 화성시 동탄지성로 306번길 68,제조일로부터 1년,주문 확인 후 제조,1kg,,커피원두 100%,운조커피 010-4535-8819,"직사광선을 피하고 온도, 습도가 낮으며 통풍이 잘 되는 곳에 밀폐 보관",,,,,,,,,,,,,,,,,,,,,
피타 블렌드,커피원두,"충청북도 청주시 청원구 내수읍 충청대로 904, A동 하우트커피컴퍼니",제조일로부터 1개월,전면 별도 표기,200g / 1kg,공기가 들어가지 않도록 밀봉 또는 밀폐 용기에 담아 서늘한 그늘에 보관하십시오.,커피원두100%,코케 고객센터 070-4647-1868,,,,,,,,,,,,,,,,,,,,,,
콜롬비아 싱글오리진 디카페인,커피 원두 100%,"(주)수수커피컴퍼니, 서울 강남구 강남대로 154길 24, 준영빌딩 1층 수수커피",제조일로부터 1년,제조일 별도 표기 (제품 뒷면),200g / 500g,직사광선을 피하고 밀봉하여 건조하고 서늘한 곳에 보관,커피원두 100%,코케 고객센터 070-4647-1868,,,,,,,,,,,,,,,,,,,,,,
몬스테라,커피원두,"식물학커피로스터스, 서울특별시 용산구 서빙고로67길 21 2층",제조일로부터 1년,제조일 별도 표기(제품 뒷면),250g / 1kg,직사광선을 피하고 밀봉하여 건조하고 서늘한 곳에 보관,커피원두 100%,코케 고객센터 070-4647-1868,,,,,,,,,,,,,,,,,,,,,,
Blend Dark,커피,서울 용산구 녹사평대로 224-1,제조일로부터 1년,주문 확인 후 제조,1kg,,커피원두 100%,스탠딩커피 010-7386-0386,"직사광선을 피하고 온도, 습도가 낮으며 통풍이 잘 되는 곳에 밀폐 보관",,,,,,,,,,,,,,,,,,,,,
블렌드 신월,원두커피,"브니엘컴퍼니, 서울시 양천구 가로공원로56길 27-1 1층 브니엘 커피 로스터스",제조일로부터 1년,상단에 표시,1kg,없음,"브라질 40%, 에티오피아 30%, 인도 30%",코케 고객센터 070-4647-1868,,,,,,,,,,,,,,,,,,,,,,
그린 블렌딩 커피,,,,,200g / 1kg,,,코케 고객센터 070-4647-1868,,,,제품 상단 별도 표기,,,,,커피,원두커피 100% (상세 함량 별도 표기),폴리에틸렌 (내면),제조일로부터 45일,주식회사 링크에프엔비 (전남 장성군 나노산단로 172 2동 1544-3162),,,,,,,,,
어텀 블렌드,커피,"서울시 강서구 공항대로 164, 411",제조일로부터 1년,주문 확인 후 제조,1kg,,커피원두 100%,커스프 커피 010-3267-0430,"직사광선을 피하고 온도, 습도가 낮으며 통풍이 잘 되는 곳에 밀폐 보관",,,,,,,,,,,,,,,,,,,,,
아이올라이트 블렌드,커피,경기도 부천시 중동로356번길 6 필리그리커피,제조일로부터 1년,별도 표시,1kg,,커피원두 100%,필리그리커피 032-672-9127,"직사광선을 피하고 온도, 습도가 낮으며 통풍이 잘 되는 곳에 밀폐 보관",,,,,,,,,,,,,,,,,,,,,
콜롬비아 디카페인,커피,경기도 수원시 장안구 금당로90번길 38 이수팩토리,제조일로부터 1년,주문 확인 후 제조,1kg,,커피원두 100%,이수팩토리 01086348481,"직사광선을 피하고 온도, 습도가 낮으며 통풍이 잘 되는 곳에 밀폐 보관",,,,,,,,,,,,,,,,,,,,,
[다크] 케냐 키리냐가 아실리 AA+ 워시드,커피,"경기도 성남시 중원구 사기막골로 124, 비즈센터 1412호 루비아",제조일로부터 1년,주문 확인 후 제조,1kg,,커피원두 100%,루비아 커피 010-2942-3069,"직사광선을 피하고 온도, 습도가 낮으며 통풍이 잘 되는 곳에 밀폐 보관",,,,,,,,,,,,,,,,,,,,,
페루 엘 세드로 마르셀 워시드,커피,경기 성남시 분당구 문정로144번길 4,제조일로부터 1년,주문 확인 후 제조,200g / 500g,,커피원두 100%,180커피로스터스 010-4510-8597,"직사광선을 피하고 온도, 습도가 낮으며 통풍이 잘 되는 곳에 밀폐 보관",,,,,,,,,,,,,,,,,,,,,
카페5060,커피,경기도 성남시 중원구 둔촌대로 531 쌍용IT트윈타워 B동 901-2호,제조일로부터 1년,주문 확인 후 제조,1kg,,커피원두 100%,챁챁커피 031-736-0090,"직사광선을 피하고 온도, 습도가 낮으며 통풍이 잘 되는 곳에 밀폐 보관",,,,,,,,,,,,,,,,,,,,,
퍼플렄 블렌드,커피,서울 강북구 한천로139가길 15 1층,제조일로부터 1년,주문 확인 후 제조,1kg,,커피원두 100%,칠복상회로스터스 010-6521-4889,"직사광선을 피하고 온도, 습도가 낮으며 통풍이 잘 되는 곳에 밀폐 보관",,,,,,,,,,,,,,,,,,,,,
케냐 키린야가 캄완기 AA TOP,커피,"싸인포스트커피, 서울시 동작구 솔밭로 97-6",제조일로부터 6개월,제조일 별도 표기,200g / 1kg,해당없음,볶은 커피 100%,코케 고객센터 070-4647-1868,,,,,,,,,,,,,,,,,,,,,,
몽상스,커피,"나무사이로, 경기도 성남시 분당구 석운로 33",제조일로부터 1년,별도표기,200g / 1kg,직사광선을 피하고 서늘하고 건조한 곳,아라비카 원두 100%,코케 고객센터 070-4647-1868,,,,,,,,,,,,,,,,,,,,,,
마블 디카프,커피,서울특별시 영등포구 문래로 20길 60 501호,제조일로부터 1년,주문 확인 후 제조,1kg,,커피원두 100%,블랙빈스 010-5684-2955,"직사광선을 피하고 온도, 습도가 낮으며 통풍이 잘 되는 곳에 밀폐 보관",,,,,,,,,,,,,,,,,,,,,
과테말라 엘 소코로 산 로렌조 스페셜티,커피,"경기도 일산동구 성석동 78-2, A동 1층 커넥츠커피 로스팅공장",제조일로부터 1년,주문 확인 후 제조,1kg,,커피원두 100%,커넥츠커피 010-5758-1108,"직사광선을 피하고 온도, 습도가 낮으며 통풍이 잘 되는 곳에 밀폐 보관",,,,,,,,,,,,,,,,,,,,,
리치 라운드,커피,서울 강남구 영동대로 602 6층,제조일로부터 1년,주문 확인 후 제조,1kg,,커피원두 100%,디카 커피랩 010-3102-1655,"직사광선을 피하고 온도, 습도가 낮으며 통풍이 잘 되는 곳에 밀폐 보관",,,,,,,,,,,,,,,,,,,,,
과테말라 SHB 마운틴워터 디카페인,커피,경기도 부천시 소사구 호현로 489,제조일로부터 1년,주문 확인 후 제조,1kg,,커피원두 100%,카페소소한사치 010-9340-4364,"직사광선을 피하고 온도, 습도가 낮으며 통풍이 잘 되는 곳에 밀폐 보관",,,,,,,,,,,,,,,,,,,,,
조바티 클래식 블렌드,커피,"경기도 고양시 일산동구 일산로 372번길 30-5, 1층",제조일로부터 1년,주문 확인 후 제조,1kg,,커피원두 100%,조바티커피,"직사광선을 피하고 온도, 습도가 낮으며 통풍이 잘 되는 곳에 밀폐 보관",,,,,,,,,,,,,,,,,,,,,
에티오피아 디카페인,커피,경기도 화성시 동탄지성로 306번길 68,제조일로부터 1년,주문 확인 후 제조,"500g,1kg",,커피원두 100%,운조커피 010-4535-8819,"직사광선을 피하고 온도, 습도가 낮으며 통풍이 잘 되는 곳에 밀폐 보관",,,,,,,,,,,,,,,,,,,,,
콜롬비아 비야라조 시나몬,커피,경기도 파주시 조리읍 고봉로 929 2층,제조일로부터 1년,주문 확인 후 제조,200g,,커피원두 100%,오프사이트 0507-1399-2781,"직사광선을 피하고 온도, 습도가 낮으며 통풍이 잘 되는 곳에 밀폐 보관",,,,,,,,,,,,,,,,,,,,,
Ethiopia Guji G1(에티오피아 구지 G1),커피,서울특별시 강남구 선릉로 570 1층,제조일로부터 1년,주문 확인 후 제조,200g,,커피원두 100%,마그마커피 070-7599-2210,"직사광선을 피하고 온도, 습도가 낮으며 통풍이 잘 되는 곳에 밀폐 보관",,,,,,,,,,,,,,,,,,,,,
과테말라 안티구아 SHB,커피,"충청남도 논산시 연산면 황룡재로 65, 2층",제조일로부터 1년,주문 확인 후 제조,1kg,,커피원두 100%,서가로스터리 01063083067,"직사광선을 피하고 온도, 습도가 낮으며 통풍이 잘 되는 곳에 밀폐 보관",,,,,,,,,,,,,,,,,,,,,
에티오피아 반티넨카,커피,서울시 관악구 은천로 39,제조일로부터 1년,주문 확인 후 제조,1kg,,커피원두 100%,UFO 커피로스터스 010-4240-8455,"직사광선을 피하고 온도, 습도가 낮으며 통풍이 잘 되는 곳에 밀폐 보관",,,,,,,,,,,,,,,,,,,,,
초코퍼지 블렌딩 커피,커피,"전라남도 장성군 진원면 나노산단2로 52, 205호",제조일로부터 1년,주문 확인 후 제조,1kg,,커피원두 100%,링크 커피 로스터스 010-5035-1425,"직사광선을 피하고 온도, 습도가 낮으며 통풍이 잘 되는 곳에 밀폐 보관",,,,,,,,,,,,,,,,,,,,,
샹젤리제 블렌딩,커피,서울 서대문구 연희로46-1,제조일로부터 1년,주문 확인 후 제조,1kg,,커피원두 100%,웨이즈커피 010-6434-8150,"직사광선을 피하고 온도, 습도가 낮으며 통풍이 잘 되는 곳에 밀폐 보관",,,,,,,,,,,,,,,,,,,,,
브라질 옐로우버번 MWP 디카페인원두,커피,서울 동대문구 답십리로 80 1층,제조일로부터 1년,주문 확인 후 제조,800g,,디카페인원두 100%,원더월 커피 로스터스 010-8754-6467,"직사광선을 피하고 온도, 습도가 낮으며 통풍이 잘 되는 곳에 밀폐 보관",,,,,,,,,,,,,,,,,,,,,
콜롬비아 핀카 라 에스메랄다 아나에어로빅 허니,커피,서울 관악구 남현2길 18 1층,제조일로부터 1년,주문 확인 후 제조,400g,,커피원두 100%,리버벨 010-7220-7215,"직사광선을 피하고 온도, 습도가 낮으며 통풍이 잘 되는 곳에 밀폐 보관",,,,,,,,,,,,,,,,,,,,,
BAGUS 블렌딩,커피,경기 고양시 일산동구 장대길 75-53 나동 1층 JMD Coffee Factory,제조일로부터 1년,주문 확인 후 제조,1kg,,커피원두 100%,제이엠디커피팩토리 010-9903-8794,"직사광선을 피하고 온도, 습도가 낮으며 통풍이 잘 되는 곳에 밀폐 보관",,,,,,,,,,,,,,,,,,,,,
케냐 AA TOP 키안두 스페셜티 풀리워시드,커피,"서울시 강서구 공항대로 164, 411",제조일로부터 1년,주문 확인 후 제조,500g / 1kg,,커피원두 100%,커스프 커피 070-8098-8025,"직사광선을 피하고 온도, 습도가 낮으며 통풍이 잘 되는 곳에 밀폐 보관",,,,,,,,,,,,,,,,,,,,,
콜롬비아 아마티보 로꼬시리즈 카리베,커피,경기도 부천시 중동로356번길 6 필리그리커피,제조일로부터 1년,주문 확인 후 제조,200g,,커피원두 100%,필리그리커피 032-672-9127,"직사광선을 피하고 온도, 습도가 낮으며 통풍이 잘 되는 곳에 밀폐 보관",,,,,,,,,,,,,,,,,,,,,
바이올렛 블렌드,원두커피,,,,,,,코케 고객센터 070-4647-1868,,180커피로스터스,경기도 성남시 분당구 문정로144번길 4,제품 별도 표기,제품 별도 표기,200g / 1kg,"원두커피 100% (콜롬비아 60%, 에티오피아 40%)",,,,,,,,,,,,,,,
하이로 디카프리오,커피,"나무사이로, 경기도 성남시 분당구 석운로 33",제조일로부터 1년,별도표기,200g / 1kg,,아라비카 원두 100%,코케 고객센터 070-4647-1868,직사광선을 피하고 서늘하고 건조한 곳,,,,,,,,,,,,,,,,,,,,,
케냐 AA 워시드,원두커피,"브니엘컴퍼니, 서울시 양천구 가로공원로56길 27-1 1층 브니엘 커피 로스터스",제조일로부터 1년,상단에 표시,250g / 1kg,없음,케냐 100%,코케 고객센터 070-4647-1868,,,,,,,,,,,,,,,,,,,,,,
노네임블렌드,커피 원두,"(주)수수커피컴퍼니, 서울 강남구 강남대로 154길 24, 준영빌딩 1층 수수커피",제조일로부터 1년,제조일 별도 표기 (제품 뒷면),500g / 1kg,직사광선을 피하고 밀봉하여 건조하고 서늘한 곳에 보관,커피원두 100%,코케 고객센터 070-4647-1868,,,,,,,,,,,,,,,,,,,,,,
블랙 스트림 4kg,커피,"경기도 성남시 중원구 사기막골로 124, 비즈센터 1412호 루비아",제조일로부터 1년,주문 확인 후 제조,4kg,,커피원두 100%,루비아 커피 010-2942-3069,"직사광선을 피하고 온도, 습도가 낮으며 통풍이 잘 되는 곳에 밀폐 보관",,,,,,,,,,,,,,,,,,,,,
노블레스 블렌딩,커피,서가로스터리 (충남 논산시 연산면 황룡재로 65 2층 서가로스터리 1사무실),제조일로부터 1년,주문 확인 후 제조,1kg,,커피원두 100%,서가로스터리 01063083067,"직사광선을 피하고 온도, 습도가 낮으며 통풍이 잘 되는 곳에 밀폐 보관",,,,,,,,,,,,,,,,,,,,,
디카페인 콜롬비아,커피,경기 고양시 일산동구 일산로372번길 30-5 1층,제조일로부터 1년,주문 확인 후 제조,1kg,,커피원두 100%,조바티커피 070-4203-6900,"직사광선을 피하고 온도, 습도가 낮으며 통풍이 잘 되는 곳에 밀폐 보관",,,,,,,,,,,,,,,,,,,,,
CALLA LILY(칼라 릴리),볶은 커피,서울특별시 강남구 학동로50길 42,제조일로부터 1년,상품 후면 표기,1kg,,커피원두 100%,마그마커피 070-7599-2210,습기 및 직사광선을 피하고 서늘한 장소에 보관하십시오.,,,,,,,,,,,,,,,,,,,,,
브라이트,원두커피,"커넥츠커피, 서울특별시 마포구 성지길 60, 1층(국제빌딩)",제조일로부터 12개월,주문일로부터 3일 이내,200g / 1kg,"직사광선을 피해 온도, 습도가 낮으며 통풍이 잘 되는 곳에 보관하십시오.","커피원두100%(에티오피아 70%, 코스타리카 30%)",코케 고객센터 070-4647-1868,,,,,,,,,,,,,,,,,,,,,,
디카페인 에티오피아 블렌드,커피,"주식회사 디카커피랩, 고양시 일산동구 은마길79번길 42",제조일로부터 1년,별도표기,200g,서늘한 곳에 보관,커피원두(에티오피아산 100%),코케 고객센터 070-4647-1868,,,,,,,,,,,,,,,,,,,,,,
에티오피아 예가체프 첼바 쿠멜라초 G1,커피,서울시 동작구 솔밭로 97-6,제조일로부터 1년,주문 확인 후 제조,1kg,,커피원두 100%,싸인포스트커피 010-4879-1791,"직사광선을 피하고 온도, 습도가 낮으며 통풍이 잘 되는 곳에 밀폐 보관",,,,,,,,,,,,,,,,,,,,,
L1,커피,경기도 화성시 동탄지성로 306번길 68,제조일로부터 1년,주문 확인 후 제조,1kg,,커피원두 100%,운조커피 010-4535-8819,"직사광선을 피하고 온도, 습도가 낮으며 통풍이 잘 되는 곳에 밀폐 보관",,,,,,,,,,,,,,,,,,,,,
과테말라 파노라마,커피,서울시 관악구 은천로 39,제조일로부터 1년,주문 확인 후 제조,1kg,,커피원두 100%,UFO 커피로스터스 010-4240-8455,"직사광선을 피하고 온도, 습도가 낮으며 통풍이 잘 되는 곳에 밀폐 보관",,,,,,,,,,,,,,,,,,,,,
블랙 블렌딩 커피,커피,"전라남도 장성군 진원면 나노산단2로 52, 205호",제조일로부터 1년,주문 확인 후 제조,1kg,,커피원두 100%,링크 커피 로스터스 010-5035-1425,"직사광선을 피하고 온도, 습도가 낮으며 통풍이 잘 되는 곳에 밀폐 보관",,,,,,,,,,,,,,,,,,,,,
코스타리카 라 몬타나 데 라 쿰브레 화이트허니,커피,경기도 부천시 소사구 호현로 489,제조일로부터 1년,주문 확인 후 제조,500g,,커피원두 100%,카페소소한사치 010-9340-4364,"직사광선을 피하고 온도, 습도가 낮으며 통풍이 잘 되는 곳에 밀폐 보관",,,,,,,,,,,,,,,,,,,,,
에티오피아 케라모 G1 워시드,커피,"서울특별시 강남구 테헤란로 129, 지하 1층 2, 3호(역삼동)",제조일로부터 1년,주문 확인 후 제조,200g,,커피원두 100%,수수커피 010-5068-4771,"직사광선을 피하고 온도, 습도가 낮으며 통풍이 잘 되는 곳에 밀폐 보관",,,,,,,,,,,,,,,,,,,,,
콜롬비아 아마티보 로꼬시리즈 카리베,커피,경기도 부천시 중동로356번길 6 필리그리커피,제조일로부터 1년,주문 확인 후 제조,200g,,커피원두 100%,필리그리커피 032-672-9127,"직사광선을 피하고 온도, 습도가 낮으며 통풍이 잘 되는 곳에 밀폐 보관",,,,,,,,,,,,,,,,,,,,,
바이올렛 블렌드,원두커피,,,,,,,코케 고객센터 070-4647-1868,,180커피로스터스,경기도 성남시 분당구 문정로144번길 4,제품 별도 표기,제품 별도 표기,200g / 1kg,"원두커피 100% (콜롬비아 60%, 에티오피아 40%)",,,,,,,,,,,,,,,
디카페인 블렌드 위켄드,커피,"경기도 일산동구 성석동 78-2, A동 1층",제조일로부터 1년,주문 확인 후 제조,1kg,,커피원두 100%,커넥츠커피 010-5758-1108,"직사광선을 피하고 온도, 습도가 낮으며 통풍이 잘 되는 곳에 밀폐 보관",,,,,,,,,,,,,,,,,,,,,
날아올라,커피,"나무사이로, 경기도 성남시 분당구 석운로 33",제조일로부터 1년,별도표기,200g / 1kg,직사광선을 피하고 서늘하고 건조한 곳,아라비카 원두 100%,코케 고객센터 070-4647-1868,,,,,,,,,,,,,,,,,,,,,,
극야 블렌드,원두,경기도 파주시 조리읍 고봉로 929 2층,제조일로부터 1년,주문일로부터 3일 이내,200g / 1kg,햇빛이 들지 않는 상온에 밀폐 보관,"원두 100%(브라질, 과테말라, 에티오피아)",오프사이트 0507-1399-2781,,,,,,,,,,,,,,,,,,,,,,
케냐 AA TOP 키안두 스페셜티 풀리워시드,커피,"서울시 강서구 공항대로 164, 411",제조일로부터 1년,주문 확인 후 제조,500g / 1kg,,커피원두 100%,커스프 커피 070-8098-8025,"직사광선을 피하고 온도, 습도가 낮으며 통풍이 잘 되는 곳에 밀폐 보관",,,,,,,,,,,,,,,,,,,,,
디카페인 시그니처 다크 블렌드,커피,"주식회사 디카커피랩, 고양시 일산동구 은마길79번길 42",제조일로부터 1년,별도표기,1kg,,"커피원두(브라질 40%, 콜롬비아 20%, 에티오피아 20%, 인도네시아 20%)",코케 고객센터 070-4647-1868,"직사광선을 피하고 온도, 습도가 낮으며 통풍이 잘 되는 곳에 밀폐 보관",,,,,,,,,,,,,,,,,,,,,
콜롬비아 라 레오나 만다린,커피,경기도 파주시 조리읍 고봉로 929 2층,제조일로부터 1년,주문 확인 후 제조,1kg,,커피원두 100%,오프사이트 0507-1399-2781,"직사광선을 피하고 온도, 습도가 낮으며 통풍이 잘 되는 곳에 밀폐 보관",,,,,,,,,,,,,,,,,,,,,
M1,커피,경기도 화성시 동탄지성로 306번길 68,제조일로부터 1년,주문 확인 후 제조,1kg,,커피원두 100%,운조커피 010-4535-8819,"직사광선을 피하고 온도, 습도가 낮으며 통풍이 잘 되는 곳에 밀폐 보관",,,,,,,,,,,,,,,,,,,,,
에티오피아 예가체프 할로베리티 G1 워시드,커피,경기도 부천시 소사구 호현로 489,제조일로부터 1년,주문 확인 후 제조,500g,,커피원두 100%,카페소소한사치 010-9340-4364,"직사광선을 피하고 온도, 습도가 낮으며 통풍이 잘 되는 곳에 밀폐 보관",,,,,,,,,,,,,,,,,,,,,
과테말라 스위스 디카페인,커피,"충청남도 논산시 연산면 황룡재로 65, 2층",제조일로부터 1년,주문 확인 후 제조,1kg,,커피원두 100%,서가로스터리 01063083067,"직사광선을 피하고 온도, 습도가 낮으며 통풍이 잘 되는 곳에 밀폐 보관",,,,,,,,,,,,,,,,,,,,,
인도네시아 만델링 G1,커피,경기 고양시 일산동구 일산로372번길 30-5 1층,제조일로부터 1년,주문 확인 후 제조,1kg,,커피원두 100%,조바티커피 070-4203-6900,"직사광선을 피하고 온도, 습도가 낮으며 통풍이 잘 되는 곳에 밀폐 보관",,,,,,,,,,,,,,,,,,,,,
과테말라 웨웨테낭고 SHB 디카페인,커피,"싸인포스트커피, 서울시 동작구 솔밭로 97-6",제조일로부터 6개월,제조일 별도 표기,200g / 1kg,해당없음,볶은 커피 100%,코케 고객센터 070-4647-1868,,,,,,,,,,,,,,,,,,,,,,
에티오피아 딤투 테로 내츄럴,커피,경기 성남시 분당구 문정로144번길 4,제조일로부터 1년,주문 확인 후 제조,200g / 500g,,커피원두 100%,180커피로스터스 010-4510-8597,"직사광선을 피하고 온도, 습도가 낮으며 통풍이 잘 되는 곳에 밀폐 보관",,,,,,,,,,,,,,,,,,,,,
콜롬비아 라 레세르바 카투라 치로소,커피,경기도 부천시 중동로356번길 6 필리그리커피,제조일로부터 1년,주문 확인 후 제조,200g,,커피원두 100%,필리그리커피 032-672-9127,"직사광선을 피하고 온도, 습도가 낮으며 통풍이 잘 되는 곳에 밀폐 보관",,,,,,,,,,,,,,,,,,,,,
와이칸,커피,"나무사이로, 경기도 성남시 분당구 석운로 33",제조일로부터 1년,별도표기,200g / 1kg,,아라비카 원두 100%,코케 고객센터 070-4647-1868,직사광선을 피하고 서늘하고 건조한 곳,,,,,,,,,,,,,,,,,,,,,
레드 블렌딩 커피,커피,"전라남도 장성군 진원면 나노산단2로 52, 205호",제조일로부터 1년,주문 확인 후 제조,1kg,,커피원두 100%,링크 커피 로스터스 010-5035-1425,"직사광선을 피하고 온도, 습도가 낮으며 통풍이 잘 되는 곳에 밀폐 보관",,,,,,,,,,,,,,,,,,,,,
데일리뷰티 블렌드,커피 원두,"(주)수수커피컴퍼니, 서울 강남구 강남대로 154길 24, 준영빌딩 1층 수수커피",제조일로부터 1년,제조일 별도 표기 (제품 뒷면),200g / 1kg,직사광선을 피하고 밀봉하여 건조하고 서늘한 곳에 보관,커피원두 100%,코케 고객센터 070-4647-1868,,,,,,,,,,,,,,,,,,,,,,
브라질 세라도 디카페인,커피,경기도 화성시 동탄지성로 306번길 68,제조일로부터 1년,주문 확인 후 제조,500g 1kg,,커피원두 100%,운조커피 010-4535-8819,"직사광선을 피하고 온도, 습도가 낮으며 통풍이 잘 되는 곳에 밀폐 보관",,,,,,,,,,,,,,,,,,,,,
케냐 뚱구리 AA 워시드,커피,"경기도 일산동구 성석동 78-2, A동 1층 커넥츠커피 로스팅공장",제조일로부터 1년,주문 확인 후 제조,1kg,,커피원두 100%,커넥츠커피 010-5758-1108,"직사광선을 피하고 온도, 습도가 낮으며 통풍이 잘 되는 곳에 밀폐 보관",,,,,,,,,,,,,,,,,,,,,
디카페인 스프링 블렌드,커피,"서울시 강서구 공항대로 164, 411",제조일로부터 1년,주문 확인 후 제조,1kg,,커피원두 100%,커스프 커피 010-3267-0430,"직사광선을 피하고 온도, 습도가 낮으며 통풍이 잘 되는 곳에 밀폐 보관",,,,,,,,,,,,,,,,,,,,,
싸우스폴 블렌드,커피,"싸인포스트커피, 서울시 동작구 솔밭로 97-6",제조일로부터 6개월,제조일 별도 표기,200g / 1kg,해당없음,볶은 커피 100%,코케 고객센터 070-4647-1868,,,,,,,,,,,,,,,,,,,,,,
과테말라 산로렌조 엘쿠로 블랙허니,커피,경기도 부천시 소사구 호현로 489,제조일로부터 1년,주문 확인 후 제조,500g,,커피원두 100%,카페소소한사치 010-9340-4364,"직사광선을 피하고 온도, 습도가 낮으며 통풍이 잘 되는 곳에 밀폐 보관",,,,,,,,,,,,,,,,,,,,,
에티오피아 게이샤 피치 G1,커피,경기 고양시 일산동구 일산로372번길 30-5 1층,제조일로부터 1년,주문 확인 후 제조,1kg,,커피원두 100%,조바티커피 070-4203-6900,"직사광선을 피하고 온도, 습도가 낮으며 통풍이 잘 되는 곳에 밀폐 보관",,,,,,,,,,,,,,,,,,,,,
파푸아뉴기니 AA 쿠아 블루마운틴 풀리워시드,커피,"서울시 강서구 공항대로 164, 411",제조일로부터 1년,주문 확인 후 제조,500g / 1kg,,커피원두 100%,커스프 커피 070-8098-8025,"직사광선을 피하고 온도, 습도가 낮으며 통풍이 잘 되는 곳에 밀폐 보관",,,,,,,,,,,,,,,,,,,,,
콜롬비아 엘 오브라헤 게이샤 무산소발효 내추럴,커피,경기도 부천시 소사구 호현로 489,제조일로부터 1년,주문 확인 후 제조,200g,,커피원두 100%,카페소소한사치 010-9340-4364,"직사광선을 피하고 온도, 습도가 낮으며 통풍이 잘 되는 곳에 밀폐 보관",,,,,,,,,,,,,,,,,,,,,
에티오피아 예가체프G1 아리차 내추럴,커피,경기도 화성시 동탄지성로 306번길 68,제조일로부터 1년,주문 확인 후 제조,"500g, 1kg",,커피원두 100%,운조커피 010-4535-8819,"직사광선을 피하고 온도, 습도가 낮으며 통풍이 잘 되는 곳에 밀폐 보관",,,,,,,,,,,,,,,,,,,,,
케냐 뚱구리 AA 워시드,커피,"경기도 일산동구 성석동 78-2, A동 1층 커넥츠커피 로스팅공장",제조일로부터 1년,주문 확인 후 제조,1kg,,커피원두 100%,커넥츠커피 010-5758-1108,"직사광선을 피하고 온도, 습도가 낮으며 통풍이 잘 되는 곳에 밀폐 보관",,,,,,,,,,,,,,,,,,,,,
에티오피아 워르카 우리 워시드,커피,경기 성남시 분당구 문정로144번길 4,제조일로부터 1년,주문 확인 후 제조,200g / 500g,,커피원두 100%,180커피로스터스 010-4510-8597,"직사광선을 피하고 온도, 습도가 낮으며 통풍이 잘 되는 곳에 밀폐 보관",,,,,,,,,,,,,,,,,,,,,
디카페인 콜롬비아,커피,경기 고양시 일산동구 일산로372번길 30-5 1층,제조일로부터 1년,주문 확인 후 제조,1kg,,커피원두 100%,조바티커피 070-4203-6900,"직사광선을 피하고 온도, 습도가 낮으며 통풍이 잘 되는 곳에 밀폐 보관",,,,,,,,,,,,,,,,,,,,,
과테말라 엘 소코로 버본,커피,경기 성남시 분당구 문정로144번길 4,제조일로부터 1년,주문 확인 후 제조,200g / 500g,,커피원두 100%,180커피로스터스 010-4510-8597,"직사광선을 피하고 온도, 습도가 낮으며 통풍이 잘 되는 곳에 밀폐 보관",,,,,,,,,,,,,,,,,,,,,
에티오피아 게이샤 피치 G1,커피,경기 고양시 일산동구 일산로372번길 30-5 1층,제조일로부터 1년,주문 확인 후 제조,1kg,,커피원두 100%,조바티커피 070-4203-6900,"직사광선을 피하고 온도, 습도가 낮으며 통풍이 잘 되는 곳에 밀폐 보관",,,,,,,,,,,,,,,,,,,,,
콜롬비아 수프리모 후일라 산 비센테 라 플라타,커피,"서울시 강서구 공항대로 164, 411",제조일로부터 1년,주문 확인 후 제조,500g / 1kg,,커피원두 100%,커스프 커피 070-8098-8025,"직사광선을 피하고 온도, 습도가 낮으며 통풍이 잘 되는 곳에 밀폐 보관",,,,,,,,,,,,,,,,,,,,,
코스타리카 라 몬타나 데 라 쿰브레 화이트허니,커피,경기도 부천시 소사구 호현로 489,제조일로부터 1년,주문 확인 후 제조,500g,,커피원두 100%,카페소소한사치 010-9340-4364,"직사광선을 피하고 온도, 습도가 낮으며 통풍이 잘 되는 곳에 밀폐 보관",,,,,,,,,,,,,,,,,,,,,
콜롬비아 라 카바나 게이샤 애너러빅 내추럴,커피,경기도 부천시 중동로356번길 6 필리그리커피,제조일로부터 1년,주문 확인 후 제조,200g,,커피원두 100%,필리그리커피 032-672-9127,"직사광선을 피하고 온도, 습도가 낮으며 통풍이 잘 되는 곳에 밀폐 보관",,,,,,,,,,,,,,,,,,,,,
위WE,커피,"나무사이로, 경기도 성남시 분당구 석운로 33",제조일로부터 1년,별도표기,200g / 1kg,직사광선을 피하고 서늘하고 건조한 곳,아라비카 원두 100%,코케 고객센터 070-4647-1868,,,,,,,,,,,,,,,,,,,,,,
브라질 리마오호사,커피,경기 성남시 분당구 문정로144번길 4,제조일로부터 1년,주문 확인 후 제조,200g / 500g,,커피원두 100%,180커피로스터스 010-4510-8597,"직사광선을 피하고 온도, 습도가 낮으며 통풍이 잘 되는 곳에 밀폐 보관",,,,,,,,,,,,,,,,,,,,,
디카페인 스프링 블렌드,커피,"서울시 강서구 공항대로 164, 411",제조일로부터 1년,주문 확인 후 제조,1kg,,커피원두 100%,커스프 커피 010-3267-0430,"직사광선을 피하고 온도, 습도가 낮으며 통풍이 잘 되는 곳에 밀폐 보관",,,,,,,,,,,,,,,,,,,,,
에티오피아 예가체프 할로베리티 G1 워시드,커피,경기도 부천시 소사구 호현로 489,제조일로부터 1년,주문 확인 후 제조,500g,,커피원두 100%,카페소소한사치 010-9340-4364,"직사광선을 피하고 온도, 습도가 낮으며 통풍이 잘 되는 곳에 밀폐 보관",,,,,,,,,,,,,,,,,,,,,
케냐 뚱구리 피베리,커피,경기 성남시 분당구 문정로144번길 4,제조일로부터 1년,주문 확인 후 제조,200g / 500g,,커피원두 100%,180커피로스터스 010-4510-8597,"직사광선을 피하고 온도, 습도가 낮으며 통풍이 잘 되는 곳에 밀폐 보관",,,,,,,,,,,,,,,,,,,,,
M1,커피,경기도 화성시 동탄지성로 306번길 68,제조일로부터 1년,주문 확인 후 제조,1kg,,커피원두 100%,운조커피 010-4535-8819,"직사광선을 피하고 온도, 습도가 낮으며 통풍이 잘 되는 곳에 밀폐 보관",,,,,,,,,,,,,,,,,,,,,
와이칸 다크,커피,"나무사이로, 경기도 성남시 분당구 석운로 33",제조일로부터 1년,별도표기,200g / 1kg,직사광선을 피하고 서늘하고 건조한 곳,아라비카 원두 100%,코케 고객센터 070-4647-1868,,,,,,,,,,,,,,,,,,,,,,
인도네시아 만델링 G1 트리플픽,커피,"서울시 강서구 공항대로 164, 411",제조일로부터 1년,주문 확인 후 제조,500g / 1kg,"직사광선을 피하고 온도, 습도가 낮으며 통풍이 잘 되는 곳에 밀폐 보관",커피원두 100%,커스프 커피 070-8098-8025,,,,,,,,,,,,,,,,,,,,,,
브라질 핀할 카티구아,커피,경기 성남시 분당구 문정로144번길 4,제조일로부터 1년,주문 확인 후 제조,200g / 500g,"직사광선을 피하고 온도, 습도가 낮으며 통풍이 잘 되는 곳에 밀폐 보관",커피원두 100%,"
180커피로스터스 010-4510-8597",,,,,,,,,,,,,,,,,,,,,,
